cityID,cityName,pollutantID,year,stations,noExceededLimit,stationPopulation,population
AT001C1,Wien,BaP,2007,2,1,105778,1661246
AT001C1,Wien,BaP,2008,2,0,105778,1674909
AT001C1,Wien,BaP,2009,2,0,105778,1687271
AT001C1,Wien,BaP,2010,2,2,105778,1698802
AT001C1,Wien,BaP,2011,2,0,105778,1711057
AT001C1,Wien,BaP,2012,2,0,105778,1724913
AT001C1,Wien,BaP,2013,2,0,NULL,1741246
AT001C1,Wien,NO2,1988,10,6,1652792,NULL
AT001C1,Wien,NO2,1989,15,10,1652787,NULL
AT001C1,Wien,NO2,1990,15,7,1652790,NULL
AT001C1,Wien,NO2,1991,15,5,1652790,1539848
AT001C1,Wien,NO2,1992,14,4,1652786,1522316
AT001C1,Wien,NO2,1993,16,5,1652791,1526844
AT001C1,Wien,NO2,1994,16,4,1652791,1545693
AT001C1,Wien,NO2,1995,16,4,1652791,1571125
AT001C1,Wien,NO2,1996,16,6,1652791,1595402
AT001C1,Wien,NO2,1997,16,5,1652784,1609631
AT001C1,Wien,NO2,1998,16,4,1652791,1606843
AT001C1,Wien,NO2,1999,16,3,1652791,1608144
AT001C1,Wien,NO2,2000,16,3,1652791,1615438
AT001C1,Wien,NO2,2001,16,2,1652791,1550123
AT001C1,Wien,NO2,2002,16,3,1652791,1526550
AT001C1,Wien,NO2,2003,16,3,1652791,1554068
AT001C1,Wien,NO2,2004,16,3,1652791,1598626
AT001C1,Wien,NO2,2005,16,3,1652791,1632569
AT001C1,Wien,NO2,2006,16,3,1652791,1652449
AT001C1,Wien,NO2,2007,16,3,1652791,1661246
AT001C1,Wien,NO2,2008,16,3,1652791,1674909
AT001C1,Wien,NO2,2009,16,3,1652791,1687271
AT001C1,Wien,NO2,2010,16,3,1652791,1698802
AT001C1,Wien,NO2,2011,16,3,1652791,1711057
AT001C1,Wien,NO2,2012,16,2,1652791,1724913
AT001C1,Wien,NO2,2013,16,2,NULL,1741246
AT001C1,Wien,O3,1992,5,4,1547010,1522316
AT001C1,Wien,O3,1993,5,3,1547010,1526844
AT001C1,Wien,O3,1994,5,5,1547010,1545693
AT001C1,Wien,O3,1995,5,3,1547010,1571125
AT001C1,Wien,O3,1996,5,3,1547010,1595402
AT001C1,Wien,O3,1997,5,3,1547010,1609631
AT001C1,Wien,O3,1998,5,3,1547010,1606843
AT001C1,Wien,O3,1999,5,1,1547010,1608144
AT001C1,Wien,O3,2000,5,5,1547010,1615438
AT001C1,Wien,O3,2001,5,4,1547010,1550123
AT001C1,Wien,O3,2002,5,3,1547010,1526550
AT001C1,Wien,O3,2003,5,5,1547010,1554068
AT001C1,Wien,O3,2004,5,2,1547010,1598626
AT001C1,Wien,O3,2005,5,2,1547010,1632569
AT001C1,Wien,O3,2006,5,3,1547010,1652449
AT001C1,Wien,O3,2007,5,5,1547010,1661246
AT001C1,Wien,O3,2008,5,1,1547010,1674909
AT001C1,Wien,O3,2009,5,1,1547010,1687271
AT001C1,Wien,O3,2010,5,1,1547010,1698802
AT001C1,Wien,O3,2011,5,1,1547010,1711057
AT001C1,Wien,O3,2012,5,1,1547010,1724913
AT001C1,Wien,O3,2013,5,2,NULL,1741246
AT001C1,Wien,PM10,2002,3,2,1652789,1526550
AT001C1,Wien,PM10,2003,9,9,1652790,1554068
AT001C1,Wien,PM10,2004,13,5,1652786,1598626
AT001C1,Wien,PM10,2005,18,16,1652790,1632569
AT001C1,Wien,PM10,2006,16,13,1652786,1652449
AT001C1,Wien,PM10,2007,16,5,1652786,1661246
AT001C1,Wien,PM10,2008,16,3,1652786,1674909
AT001C1,Wien,PM10,2009,14,4,1652792,1687271
AT001C1,Wien,PM10,2010,12,10,1652788,1698802
AT001C1,Wien,PM10,2011,12,11,1652788,1711057
AT001C1,Wien,PM10,2012,12,1,1652788,1724913
AT001C1,Wien,PM10,2013,9,1,NULL,1741246
AT001C1,Wien,PM2.5,2005,1,0,105779,1632569
AT001C1,Wien,PM2.5,2006,1,0,105779,1652449
AT001C1,Wien,PM2.5,2007,2,0,105778,1661246
AT001C1,Wien,PM2.5,2008,1,0,105779,1674909
AT001C1,Wien,PM2.5,2009,2,0,105778,1687271
AT001C1,Wien,PM2.5,2010,2,0,105778,1698802
AT001C1,Wien,PM2.5,2011,6,0,1652792,1711057
AT001C1,Wien,PM2.5,2012,6,0,1652792,1724913
AT001C1,Wien,PM2.5,2013,6,0,NULL,1741246
AT002C1,Graz,BaP,2007,1,1,232038,247624
AT002C1,Graz,BaP,2008,1,1,232038,250738
AT002C1,Graz,BaP,2009,1,1,232038,253994
AT002C1,Graz,BaP,2010,1,1,232038,257240
AT002C1,Graz,BaP,2011,1,1,232038,260374
AT002C1,Graz,BaP,2012,1,1,232038,263265
AT002C1,Graz,BaP,2013,1,1,NULL,265778
AT002C1,Graz,NO2,1990,5,2,232040,NULL
AT002C1,Graz,NO2,1991,5,4,232040,237810
AT002C1,Graz,NO2,1992,5,2,232040,236747
AT002C1,Graz,NO2,1993,5,2,232040,235251
AT002C1,Graz,NO2,1994,5,1,232040,233478
AT002C1,Graz,NO2,1995,5,0,232040,231580
AT002C1,Graz,NO2,1996,6,1,232038,229714
AT002C1,Graz,NO2,1997,6,1,232038,228033
AT002C1,Graz,NO2,1998,6,1,232038,226691
AT002C1,Graz,NO2,1999,6,1,232038,225842
AT002C1,Graz,NO2,2000,6,1,247906,225642
AT002C1,Graz,NO2,2001,6,2,247906,226244
AT002C1,Graz,NO2,2002,6,2,247906,227842
AT002C1,Graz,NO2,2003,5,2,247906,230789
AT002C1,Graz,NO2,2004,6,1,247906,235477
AT002C1,Graz,NO2,2005,5,2,247906,241298
AT002C1,Graz,NO2,2006,5,2,247906,244997
AT002C1,Graz,NO2,2007,6,2,247906,247624
AT002C1,Graz,NO2,2008,6,2,247906,250738
AT002C1,Graz,NO2,2009,6,2,247906,253994
AT002C1,Graz,NO2,2010,5,1,247904,257240
AT002C1,Graz,NO2,2011,6,1,247906,260374
AT002C1,Graz,NO2,2012,6,1,247906,263265
AT002C1,Graz,NO2,2013,6,1,NULL,265778
AT002C1,Graz,O3,1992,2,2,232038,236747
AT002C1,Graz,O3,1993,3,3,232038,235251
AT002C1,Graz,O3,1994,3,3,232038,233478
AT002C1,Graz,O3,1995,4,3,232040,231580
AT002C1,Graz,O3,1996,4,3,232040,229714
AT002C1,Graz,O3,1997,4,3,232040,228033
AT002C1,Graz,O3,1998,3,3,232038,226691
AT002C1,Graz,O3,1999,4,3,232040,225842
AT002C1,Graz,O3,2000,3,3,232038,225642
AT002C1,Graz,O3,2001,4,4,232040,226244
AT002C1,Graz,O3,2002,4,4,232040,227842
AT002C1,Graz,O3,2003,3,3,232038,230789
AT002C1,Graz,O3,2004,4,1,232040,235477
AT002C1,Graz,O3,2005,4,3,232040,241298
AT002C1,Graz,O3,2006,4,4,232040,244997
AT002C1,Graz,O3,2007,4,4,232040,247624
AT002C1,Graz,O3,2008,4,1,232040,250738
AT002C1,Graz,O3,2009,4,1,232040,253994
AT002C1,Graz,O3,2010,3,1,232038,257240
AT002C1,Graz,O3,2011,4,3,232040,260374
AT002C1,Graz,O3,2012,4,2,232040,263265
AT002C1,Graz,O3,2013,4,3,NULL,265778
AT002C1,Graz,PM10,2001,3,3,247904,226244
AT002C1,Graz,PM10,2002,3,3,247904,227842
AT002C1,Graz,PM10,2003,4,4,247904,230789
AT002C1,Graz,PM10,2004,5,5,247906,235477
AT002C1,Graz,PM10,2005,4,4,247904,241298
AT002C1,Graz,PM10,2006,5,5,247904,244997
AT002C1,Graz,PM10,2007,7,6,247906,247624
AT002C1,Graz,PM10,2008,7,5,247906,250738
AT002C1,Graz,PM10,2009,8,3,247904,253994
AT002C1,Graz,PM10,2010,6,4,247906,257240
AT002C1,Graz,PM10,2011,8,5,247904,260374
AT002C1,Graz,PM10,2012,7,2,247906,263265
AT002C1,Graz,PM10,2013,5,1,NULL,265778
AT002C1,Graz,PM2.5,2007,1,1,232038,247624
AT002C1,Graz,PM2.5,2008,1,0,232038,250738
AT002C1,Graz,PM2.5,2009,2,0,232038,253994
AT002C1,Graz,PM2.5,2010,3,0,247904,257240
AT002C1,Graz,PM2.5,2011,2,1,232038,260374
AT002C1,Graz,PM2.5,2012,2,0,232038,263265
AT002C1,Graz,PM2.5,2013,2,0,NULL,265778
AT003C1,Linz,BaP,2006,2,2,185739,187936
AT003C1,Linz,BaP,2007,2,0,185739,188393
AT003C1,Linz,BaP,2008,2,1,185739,188593
AT003C1,Linz,BaP,2009,2,2,185739,189122
AT003C1,Linz,BaP,2010,3,3,185739,189849
AT003C1,Linz,BaP,2011,3,3,185739,190589
AT003C1,Linz,BaP,2012,3,0,185739,191190
AT003C1,Linz,BaP,2013,3,0,NULL,191501
AT003C1,Linz,NO2,1985,1,0,173852,NULL
AT003C1,Linz,NO2,1990,5,3,185741,NULL
AT003C1,Linz,NO2,1991,5,2,185741,203044
AT003C1,Linz,NO2,1992,5,1,185741,198830
AT003C1,Linz,NO2,1993,5,2,185741,195185
AT003C1,Linz,NO2,1994,5,0,185741,192084
AT003C1,Linz,NO2,1995,6,0,185740,189502
AT003C1,Linz,NO2,1996,7,0,185738,187414
AT003C1,Linz,NO2,1997,5,0,185741,185794
AT003C1,Linz,NO2,1998,6,1,185739,184618
AT003C1,Linz,NO2,1999,6,1,185739,183861
AT003C1,Linz,NO2,2000,7,1,185738,183498
AT003C1,Linz,NO2,2001,7,1,185738,183504
AT003C1,Linz,NO2,2002,7,1,185738,183855
AT003C1,Linz,NO2,2003,6,1,185739,184536
AT003C1,Linz,NO2,2004,6,1,185739,185530
AT003C1,Linz,NO2,2005,6,2,185739,186781
AT003C1,Linz,NO2,2006,5,1,185741,187936
AT003C1,Linz,NO2,2007,5,1,185741,188393
AT003C1,Linz,NO2,2008,4,1,185740,188593
AT003C1,Linz,NO2,2009,4,0,185740,189122
AT003C1,Linz,NO2,2010,5,1,185741,189849
AT003C1,Linz,NO2,2011,5,1,185741,190589
AT003C1,Linz,NO2,2012,5,1,185741,191190
AT003C1,Linz,NO2,2013,5,1,NULL,191501
AT003C1,Linz,O3,1986,1,0,173852,NULL
AT003C1,Linz,O3,1987,1,0,173852,NULL
AT003C1,Linz,O3,1988,1,0,173852,NULL
AT003C1,Linz,O3,1989,1,0,173852,NULL
AT003C1,Linz,O3,1990,1,0,173852,NULL
AT003C1,Linz,O3,1991,1,0,173852,203044
AT003C1,Linz,O3,1992,1,1,173852,198830
AT003C1,Linz,O3,1993,1,1,173852,195185
AT003C1,Linz,O3,1994,1,1,173852,192084
AT003C1,Linz,O3,1995,1,0,173852,189502
AT003C1,Linz,O3,1996,1,0,173852,187414
AT003C1,Linz,O3,1997,1,0,173852,185794
AT003C1,Linz,O3,1998,1,0,173852,184618
AT003C1,Linz,O3,1999,1,0,173852,183861
AT003C1,Linz,O3,2000,1,1,173852,183498
AT003C1,Linz,O3,2001,2,0,173852,183504
AT003C1,Linz,O3,2002,2,1,173852,183855
AT003C1,Linz,O3,2003,1,1,173852,184536
AT003C1,Linz,O3,2004,1,0,173852,185530
AT003C1,Linz,O3,2005,1,0,173852,186781
AT003C1,Linz,O3,2006,1,0,173852,187936
AT003C1,Linz,O3,2007,1,0,173852,188393
AT003C1,Linz,O3,2008,1,0,173852,188593
AT003C1,Linz,O3,2009,1,0,173852,189122
AT003C1,Linz,O3,2010,1,0,173852,189849
AT003C1,Linz,O3,2011,1,0,173852,190589
AT003C1,Linz,O3,2012,1,0,173852,191190
AT003C1,Linz,O3,2013,1,0,NULL,191501
AT003C1,Linz,PM10,2000,1,0,173852,183498
AT003C1,Linz,PM10,2001,5,5,185741,183504
AT003C1,Linz,PM10,2002,6,5,185740,183855
AT003C1,Linz,PM10,2003,5,5,185741,184536
AT003C1,Linz,PM10,2004,5,4,185741,185530
AT003C1,Linz,PM10,2005,6,6,185739,186781
AT003C1,Linz,PM10,2006,5,5,185741,187936
AT003C1,Linz,PM10,2007,5,1,185741,188393
AT003C1,Linz,PM10,2008,4,1,185740,188593
AT003C1,Linz,PM10,2009,5,0,185741,189122
AT003C1,Linz,PM10,2010,5,2,185738,189849
AT003C1,Linz,PM10,2011,7,4,185738,190589
AT003C1,Linz,PM10,2012,4,0,185740,191190
AT003C1,Linz,PM10,2013,3,1,NULL,191501
AT003C1,Linz,PM2.5,2005,1,0,173852,186781
AT003C1,Linz,PM2.5,2006,1,1,173852,187936
AT003C1,Linz,PM2.5,2007,1,0,173852,188393
AT003C1,Linz,PM2.5,2008,1,0,173852,188593
AT003C1,Linz,PM2.5,2009,1,0,173852,189122
AT003C1,Linz,PM2.5,2010,1,0,173852,189849
AT003C1,Linz,PM2.5,2011,2,0,173852,190589
AT003C1,Linz,PM2.5,2012,3,0,185739,191190
AT003C1,Linz,PM2.5,2013,3,0,NULL,191501
AT004C1,Salzburg,BaP,2000,1,0,9430,NULL
AT004C1,Salzburg,BaP,2001,1,0,9430,142662
AT004C1,Salzburg,BaP,2002,1,0,9430,146207
AT004C1,Salzburg,BaP,2003,1,1,9430,146674
AT004C1,Salzburg,BaP,2005,1,0,9430,145124
AT004C1,Salzburg,BaP,2006,2,2,147337,146484
AT004C1,Salzburg,BaP,2007,2,1,147337,146845
AT004C1,Salzburg,BaP,2008,2,2,147337,147169
AT004C1,Salzburg,BaP,2009,1,1,9430,147732
AT004C1,Salzburg,BaP,2010,2,0,147337,148211
AT004C1,Salzburg,BaP,2011,2,0,147337,148277
AT004C1,Salzburg,BaP,2012,2,0,147337,147605
AT004C1,Salzburg,BaP,2013,1,0,NULL,145871
AT004C1,Salzburg,NO2,1990,1,1,9430,NULL
AT004C1,Salzburg,NO2,1991,1,1,9430,NULL
AT004C1,Salzburg,NO2,1992,1,1,9430,NULL
AT004C1,Salzburg,NO2,1993,1,1,9430,NULL
AT004C1,Salzburg,NO2,1994,2,2,9430,NULL
AT004C1,Salzburg,NO2,1995,2,1,9430,NULL
AT004C1,Salzburg,NO2,1996,2,1,9430,NULL
AT004C1,Salzburg,NO2,1997,2,1,9430,NULL
AT004C1,Salzburg,NO2,1998,2,1,9430,NULL
AT004C1,Salzburg,NO2,1999,2,1,9430,NULL
AT004C1,Salzburg,NO2,2000,2,1,9430,NULL
AT004C1,Salzburg,NO2,2001,2,1,9430,142662
AT004C1,Salzburg,NO2,2002,3,1,147337,146207
AT004C1,Salzburg,NO2,2003,3,1,147337,146674
AT004C1,Salzburg,NO2,2004,3,1,147337,145680
AT004C1,Salzburg,NO2,2005,3,1,147337,145124
AT004C1,Salzburg,NO2,2006,3,1,147337,146484
AT004C1,Salzburg,NO2,2007,3,1,147337,146845
AT004C1,Salzburg,NO2,2008,3,1,147337,147169
AT004C1,Salzburg,NO2,2009,3,1,147337,147732
AT004C1,Salzburg,NO2,2010,3,1,147337,148211
AT004C1,Salzburg,NO2,2011,3,1,147337,148277
AT004C1,Salzburg,NO2,2012,3,1,147337,147605
AT004C1,Salzburg,NO2,2013,3,1,NULL,145871
AT004C1,Salzburg,O3,1994,1,1,9430,NULL
AT004C1,Salzburg,O3,1995,1,1,9430,NULL
AT004C1,Salzburg,O3,1996,1,0,9430,NULL
AT004C1,Salzburg,O3,1997,1,0,9430,NULL
AT004C1,Salzburg,O3,1998,1,0,9430,NULL
AT004C1,Salzburg,O3,1999,1,0,9430,NULL
AT004C1,Salzburg,O3,2000,1,0,9430,NULL
AT004C1,Salzburg,O3,2001,1,1,9430,142662
AT004C1,Salzburg,O3,2002,2,2,147337,146207
AT004C1,Salzburg,O3,2003,2,2,147337,146674
AT004C1,Salzburg,O3,2004,2,0,147337,145680
AT004C1,Salzburg,O3,2005,2,0,147337,145124
AT004C1,Salzburg,O3,2006,2,1,147337,146484
AT004C1,Salzburg,O3,2007,2,0,147337,146845
AT004C1,Salzburg,O3,2008,2,0,147337,147169
AT004C1,Salzburg,O3,2009,2,0,147337,147732
AT004C1,Salzburg,O3,2010,2,1,147337,148211
AT004C1,Salzburg,O3,2011,2,0,147337,148277
AT004C1,Salzburg,O3,2012,2,0,147337,147605
AT004C1,Salzburg,O3,2013,2,0,NULL,145871
AT004C1,Salzburg,PM10,2000,1,0,9430,NULL
AT004C1,Salzburg,PM10,2001,3,0,9429,142662
AT004C1,Salzburg,PM10,2002,4,1,147336,146207
AT004C1,Salzburg,PM10,2003,4,2,147336,146674
AT004C1,Salzburg,PM10,2004,4,1,147336,145680
AT004C1,Salzburg,PM10,2005,4,2,147336,145124
AT004C1,Salzburg,PM10,2006,4,3,147336,146484
AT004C1,Salzburg,PM10,2007,4,0,147336,146845
AT004C1,Salzburg,PM10,2008,4,1,147336,147169
AT004C1,Salzburg,PM10,2009,4,1,147336,147732
AT004C1,Salzburg,PM10,2010,3,1,147337,148211
AT004C1,Salzburg,PM10,2011,4,0,147336,148277
AT004C1,Salzburg,PM10,2012,3,0,147337,147605
AT004C1,Salzburg,PM10,2013,1,0,NULL,145871
AT004C1,Salzburg,PM2.5,2005,1,1,9430,145124
AT004C1,Salzburg,PM2.5,2006,1,1,9430,146484
AT004C1,Salzburg,PM2.5,2007,1,0,9430,146845
AT004C1,Salzburg,PM2.5,2008,2,0,147337,147169
AT004C1,Salzburg,PM2.5,2009,2,0,147337,147732
AT004C1,Salzburg,PM2.5,2010,2,0,147337,148211
AT004C1,Salzburg,PM2.5,2011,2,0,147337,148277
AT004C1,Salzburg,PM2.5,2012,2,0,147337,147605
AT004C1,Salzburg,PM2.5,2013,2,0,NULL,145871
AT005C1,Innsbruck,BaP,2007,1,1,7086,116370
AT005C1,Innsbruck,BaP,2008,1,1,7086,117150
AT005C1,Innsbruck,BaP,2009,1,1,7086,118035
AT005C1,Innsbruck,BaP,2010,1,1,7086,119008
AT005C1,Innsbruck,BaP,2011,1,1,7086,120075
AT005C1,Innsbruck,BaP,2012,1,0,7086,121228
AT005C1,Innsbruck,BaP,2013,1,0,NULL,122458
AT005C1,Innsbruck,NO2,1988,1,1,7086,NULL
AT005C1,Innsbruck,NO2,1989,2,2,7086,NULL
AT005C1,Innsbruck,NO2,1990,2,1,7086,NULL
AT005C1,Innsbruck,NO2,1991,2,1,7086,NULL
AT005C1,Innsbruck,NO2,1992,2,2,7086,NULL
AT005C1,Innsbruck,NO2,1993,2,0,7086,NULL
AT005C1,Innsbruck,NO2,1994,2,1,7086,NULL
AT005C1,Innsbruck,NO2,1995,2,1,7086,NULL
AT005C1,Innsbruck,NO2,1996,3,0,110718,NULL
AT005C1,Innsbruck,NO2,1997,3,1,110718,NULL
AT005C1,Innsbruck,NO2,1998,3,1,110718,NULL
AT005C1,Innsbruck,NO2,1999,2,1,7086,NULL
AT005C1,Innsbruck,NO2,2000,2,0,7086,NULL
AT005C1,Innsbruck,NO2,2001,2,0,7086,113392
AT005C1,Innsbruck,NO2,2002,2,0,7086,115074
AT005C1,Innsbruck,NO2,2003,2,2,7086,115147
AT005C1,Innsbruck,NO2,2004,2,2,7086,114561
AT005C1,Innsbruck,NO2,2005,2,2,7086,114438
AT005C1,Innsbruck,NO2,2006,2,2,7086,115643
AT005C1,Innsbruck,NO2,2007,2,1,7086,116370
AT005C1,Innsbruck,NO2,2008,2,1,7086,117150
AT005C1,Innsbruck,NO2,2009,2,1,7086,118035
AT005C1,Innsbruck,NO2,2010,2,1,7086,119008
AT005C1,Innsbruck,NO2,2011,3,2,110718,120075
AT005C1,Innsbruck,NO2,2012,3,1,110718,121228
AT005C1,Innsbruck,NO2,2013,3,1,NULL,122458
AT005C1,Innsbruck,O3,1989,1,1,7086,NULL
AT005C1,Innsbruck,O3,1990,1,1,7086,NULL
AT005C1,Innsbruck,O3,1991,1,0,7086,NULL
AT005C1,Innsbruck,O3,1992,1,0,7086,NULL
AT005C1,Innsbruck,O3,1993,2,0,110718,NULL
AT005C1,Innsbruck,O3,1994,2,1,110718,NULL
AT005C1,Innsbruck,O3,1995,2,1,110718,NULL
AT005C1,Innsbruck,O3,1996,2,0,110718,NULL
AT005C1,Innsbruck,O3,1997,2,0,110718,NULL
AT005C1,Innsbruck,O3,1998,2,1,110718,NULL
AT005C1,Innsbruck,O3,1999,2,0,110718,NULL
AT005C1,Innsbruck,O3,2000,2,1,110718,NULL
AT005C1,Innsbruck,O3,2001,2,1,110718,113392
AT005C1,Innsbruck,O3,2002,2,1,110718,115074
AT005C1,Innsbruck,O3,2003,2,2,110718,115147
AT005C1,Innsbruck,O3,2004,2,0,110718,114561
AT005C1,Innsbruck,O3,2005,2,1,110718,114438
AT005C1,Innsbruck,O3,2006,2,1,110718,115643
AT005C1,Innsbruck,O3,2007,2,0,110718,116370
AT005C1,Innsbruck,O3,2008,2,0,110718,117150
AT005C1,Innsbruck,O3,2009,2,0,110718,118035
AT005C1,Innsbruck,O3,2010,2,1,110718,119008
AT005C1,Innsbruck,O3,2011,2,0,110718,120075
AT005C1,Innsbruck,O3,2012,2,0,110718,121228
AT005C1,Innsbruck,O3,2013,2,0,NULL,122458
AT005C1,Innsbruck,PM10,2001,2,1,7086,113392
AT005C1,Innsbruck,PM10,2002,2,2,7086,115074
AT005C1,Innsbruck,PM10,2003,2,2,7086,115147
AT005C1,Innsbruck,PM10,2004,2,1,7086,114561
AT005C1,Innsbruck,PM10,2005,2,2,7086,114438
AT005C1,Innsbruck,PM10,2006,2,2,7086,115643
AT005C1,Innsbruck,PM10,2007,2,1,7086,116370
AT005C1,Innsbruck,PM10,2008,2,0,7086,117150
AT005C1,Innsbruck,PM10,2009,3,0,7086,118035
AT005C1,Innsbruck,PM10,2010,2,0,7086,119008
AT005C1,Innsbruck,PM10,2011,2,0,7086,120075
AT005C1,Innsbruck,PM10,2012,2,0,7086,121228
AT005C1,Innsbruck,PM10,2013,2,0,NULL,122458
AT005C1,Innsbruck,PM2.5,2005,1,0,7086,114438
AT005C1,Innsbruck,PM2.5,2006,1,0,7086,115643
AT005C1,Innsbruck,PM2.5,2007,1,0,7086,116370
AT005C1,Innsbruck,PM2.5,2008,1,0,7086,117150
AT005C1,Innsbruck,PM2.5,2009,1,0,7086,118035
AT005C1,Innsbruck,PM2.5,2010,1,0,7086,119008
AT005C1,Innsbruck,PM2.5,2011,1,0,7086,120075
AT005C1,Innsbruck,PM2.5,2012,1,0,7086,121228
AT005C1,Innsbruck,PM2.5,2013,1,0,NULL,122458
AT006C1,Klagenfurt,BaP,2010,1,1,5967,NULL
AT006C1,Klagenfurt,BaP,2011,1,1,5967,NULL
AT006C1,Klagenfurt,BaP,2012,1,1,5967,NULL
AT006C1,Klagenfurt,BaP,2013,1,0,NULL,95450
AT006C1,Klagenfurt,NO2,1991,1,0,5967,NULL
AT006C1,Klagenfurt,NO2,1992,1,0,5967,NULL
AT006C1,Klagenfurt,NO2,1993,1,0,5967,NULL
AT006C1,Klagenfurt,NO2,1994,2,0,5968,NULL
AT006C1,Klagenfurt,NO2,1995,2,0,5968,NULL
AT006C1,Klagenfurt,NO2,1996,2,0,5968,NULL
AT006C1,Klagenfurt,NO2,1997,2,0,5968,NULL
AT006C1,Klagenfurt,NO2,1998,2,0,5968,NULL
AT006C1,Klagenfurt,NO2,1999,2,1,5968,NULL
AT006C1,Klagenfurt,NO2,2000,2,0,5968,NULL
AT006C1,Klagenfurt,NO2,2001,2,0,5968,NULL
AT006C1,Klagenfurt,NO2,2002,2,0,5968,NULL
AT006C1,Klagenfurt,NO2,2003,2,1,5968,NULL
AT006C1,Klagenfurt,NO2,2004,2,1,5968,NULL
AT006C1,Klagenfurt,NO2,2005,2,1,5968,NULL
AT006C1,Klagenfurt,NO2,2006,2,1,5968,NULL
AT006C1,Klagenfurt,NO2,2007,2,1,5968,NULL
AT006C1,Klagenfurt,NO2,2008,2,0,5968,NULL
AT006C1,Klagenfurt,NO2,2009,3,1,5967,NULL
AT006C1,Klagenfurt,NO2,2010,3,2,5967,NULL
AT006C1,Klagenfurt,NO2,2011,3,1,93237,NULL
AT006C1,Klagenfurt,NO2,2012,3,1,93237,NULL
AT006C1,Klagenfurt,NO2,2013,3,1,NULL,95450
AT006C1,Klagenfurt,O3,1991,1,1,5967,NULL
AT006C1,Klagenfurt,O3,1992,2,2,93236,NULL
AT006C1,Klagenfurt,O3,1993,2,2,93236,NULL
AT006C1,Klagenfurt,O3,1994,2,2,93236,NULL
AT006C1,Klagenfurt,O3,1995,2,1,93236,NULL
AT006C1,Klagenfurt,O3,1996,2,1,93236,NULL
AT006C1,Klagenfurt,O3,1997,2,0,93236,NULL
AT006C1,Klagenfurt,O3,1998,2,1,93236,NULL
AT006C1,Klagenfurt,O3,1999,2,0,93236,NULL
AT006C1,Klagenfurt,O3,2000,2,2,93236,NULL
AT006C1,Klagenfurt,O3,2001,2,2,93236,NULL
AT006C1,Klagenfurt,O3,2002,2,1,93236,NULL
AT006C1,Klagenfurt,O3,2003,2,2,93236,NULL
AT006C1,Klagenfurt,O3,2004,2,0,93236,NULL
AT006C1,Klagenfurt,O3,2005,2,1,93236,NULL
AT006C1,Klagenfurt,O3,2006,2,2,93236,NULL
AT006C1,Klagenfurt,O3,2007,2,1,93236,NULL
AT006C1,Klagenfurt,O3,2008,2,0,93236,NULL
AT006C1,Klagenfurt,O3,2009,2,1,93236,NULL
AT006C1,Klagenfurt,O3,2010,2,1,93236,NULL
AT006C1,Klagenfurt,O3,2011,2,1,87268,NULL
AT006C1,Klagenfurt,O3,2012,2,1,87268,NULL
AT006C1,Klagenfurt,O3,2013,2,1,NULL,95450
AT006C1,Klagenfurt,PM10,2001,1,1,5967,NULL
AT006C1,Klagenfurt,PM10,2002,1,1,5967,NULL
AT006C1,Klagenfurt,PM10,2003,1,1,5967,NULL
AT006C1,Klagenfurt,PM10,2004,2,2,5968,NULL
AT006C1,Klagenfurt,PM10,2005,2,1,5968,NULL
AT006C1,Klagenfurt,PM10,2006,2,2,5968,NULL
AT006C1,Klagenfurt,PM10,2007,4,2,5968,NULL
AT006C1,Klagenfurt,PM10,2008,4,1,5968,NULL
AT006C1,Klagenfurt,PM10,2009,5,1,5965,NULL
AT006C1,Klagenfurt,PM10,2010,3,1,5967,NULL
AT006C1,Klagenfurt,PM10,2011,5,2,93235,NULL
AT006C1,Klagenfurt,PM10,2012,2,0,93236,NULL
AT006C1,Klagenfurt,PM10,2013,2,0,NULL,95450
AT006C1,Klagenfurt,PM2.5,2005,1,0,5967,NULL
AT006C1,Klagenfurt,PM2.5,2006,1,1,5967,NULL
AT006C1,Klagenfurt,PM2.5,2007,1,0,5967,NULL
AT006C1,Klagenfurt,PM2.5,2008,1,0,5967,NULL
AT006C1,Klagenfurt,PM2.5,2009,1,0,5967,NULL
AT006C1,Klagenfurt,PM2.5,2010,1,0,5967,NULL
AT006C1,Klagenfurt,PM2.5,2011,1,0,87269,NULL
AT006C1,Klagenfurt,PM2.5,2012,2,0,93236,NULL
AT006C1,Klagenfurt,PM2.5,2013,2,0,NULL,95450
BE001C1,"Bruxelles / Brussel",BaP,2006,7,0,1003562,1018804
BE001C1,"Bruxelles / Brussel",BaP,2007,6,0,1003562,1031215
BE001C1,"Bruxelles / Brussel",BaP,2008,6,0,669040,1048491
BE001C1,"Bruxelles / Brussel",BaP,2009,7,0,746483,1068532
BE001C1,"Bruxelles / Brussel",BaP,2010,6,0,1003563,1089538
BE001C1,"Bruxelles / Brussel",BaP,2011,7,0,681417,1136778
BE001C1,"Bruxelles / Brussel",BaP,2012,6,0,1003562,1159448
BE001C1,"Bruxelles / Brussel",BaP,2013,7,0,NULL,1174624
BE001C1,"Bruxelles / Brussel",NO2,1990,1,1,74264,964385
BE001C1,"Bruxelles / Brussel",NO2,1991,2,2,1003562,954045
BE001C1,"Bruxelles / Brussel",NO2,1992,3,2,1003562,951217
BE001C1,"Bruxelles / Brussel",NO2,1993,4,2,1003562,950339
BE001C1,"Bruxelles / Brussel",NO2,1994,4,2,1003562,949070
BE001C1,"Bruxelles / Brussel",NO2,1995,4,2,1003562,951580
BE001C1,"Bruxelles / Brussel",NO2,1996,4,2,1003562,948122
BE001C1,"Bruxelles / Brussel",NO2,1997,4,2,1003562,950597
BE001C1,"Bruxelles / Brussel",NO2,1998,4,1,1003562,953175
BE001C1,"Bruxelles / Brussel",NO2,1999,5,3,1003563,954460
BE001C1,"Bruxelles / Brussel",NO2,2000,6,2,1003563,964405
BE001C1,"Bruxelles / Brussel",NO2,2001,5,2,1003562,978384
BE001C1,"Bruxelles / Brussel",NO2,2002,8,4,1003564,978384
BE001C1,"Bruxelles / Brussel",NO2,2003,9,7,1003565,992041
BE001C1,"Bruxelles / Brussel",NO2,2004,9,5,1003565,999899
BE001C1,"Bruxelles / Brussel",NO2,2005,9,4,1003565,1006749
BE001C1,"Bruxelles / Brussel",NO2,2006,8,3,1003564,1018804
BE001C1,"Bruxelles / Brussel",NO2,2007,8,4,1003564,1031215
BE001C1,"Bruxelles / Brussel",NO2,2008,9,4,1003565,1048491
BE001C1,"Bruxelles / Brussel",NO2,2009,9,3,1003565,1068532
BE001C1,"Bruxelles / Brussel",NO2,2010,8,4,1003563,1089538
BE001C1,"Bruxelles / Brussel",NO2,2011,8,2,1003563,1136778
BE001C1,"Bruxelles / Brussel",NO2,2012,9,2,1003565,1159448
BE001C1,"Bruxelles / Brussel",NO2,2013,8,2,NULL,1174624
BE001C1,"Bruxelles / Brussel",O3,1992,1,0,929298,951217
BE001C1,"Bruxelles / Brussel",O3,1993,2,0,929298,950339
BE001C1,"Bruxelles / Brussel",O3,1994,2,2,929298,949070
BE001C1,"Bruxelles / Brussel",O3,1995,2,2,929298,951580
BE001C1,"Bruxelles / Brussel",O3,1996,2,0,929298,948122
BE001C1,"Bruxelles / Brussel",O3,1997,2,2,929298,950597
BE001C1,"Bruxelles / Brussel",O3,1998,3,0,1003562,953175
BE001C1,"Bruxelles / Brussel",O3,1999,4,1,1003562,954460
BE001C1,"Bruxelles / Brussel",O3,2000,4,0,1003562,964405
BE001C1,"Bruxelles / Brussel",O3,2001,4,2,1003562,978384
BE001C1,"Bruxelles / Brussel",O3,2002,6,0,1003563,978384
BE001C1,"Bruxelles / Brussel",O3,2003,6,4,1003563,992041
BE001C1,"Bruxelles / Brussel",O3,2004,6,0,1003563,999899
BE001C1,"Bruxelles / Brussel",O3,2005,6,0,1003563,1006749
BE001C1,"Bruxelles / Brussel",O3,2006,5,3,1003562,1018804
BE001C1,"Bruxelles / Brussel",O3,2007,5,0,1003562,1031215
BE001C1,"Bruxelles / Brussel",O3,2008,6,1,1003563,1048491
BE001C1,"Bruxelles / Brussel",O3,2009,6,0,1003563,1068532
BE001C1,"Bruxelles / Brussel",O3,2010,6,0,1003563,1089538
BE001C1,"Bruxelles / Brussel",O3,2011,6,0,1003563,1136778
BE001C1,"Bruxelles / Brussel",O3,2012,6,0,1003563,1159448
BE001C1,"Bruxelles / Brussel",O3,2013,6,0,NULL,1174624
BE001C1,"Bruxelles / Brussel",PM10,1997,2,2,1003562,950597
BE001C1,"Bruxelles / Brussel",PM10,1998,2,2,1003562,953175
BE001C1,"Bruxelles / Brussel",PM10,1999,2,1,1003562,954460
BE001C1,"Bruxelles / Brussel",PM10,2000,4,2,1003562,964405
BE001C1,"Bruxelles / Brussel",PM10,2001,4,3,1003562,978384
BE001C1,"Bruxelles / Brussel",PM10,2002,5,4,1003562,978384
BE001C1,"Bruxelles / Brussel",PM10,2003,5,4,1003562,992041
BE001C1,"Bruxelles / Brussel",PM10,2004,3,1,1003562,999899
BE001C1,"Bruxelles / Brussel",PM10,2005,4,1,1003562,1006749
BE001C1,"Bruxelles / Brussel",PM10,2006,4,1,1003562,1018804
BE001C1,"Bruxelles / Brussel",PM10,2007,4,3,1003562,1031215
BE001C1,"Bruxelles / Brussel",PM10,2008,5,2,1003562,1048491
BE001C1,"Bruxelles / Brussel",PM10,2009,5,3,1003562,1068532
BE001C1,"Bruxelles / Brussel",PM10,2010,4,0,1003562,1089538
BE001C1,"Bruxelles / Brussel",PM10,2011,4,1,1003562,1136778
BE001C1,"Bruxelles / Brussel",PM10,2012,5,0,1003562,1159448
BE001C1,"Bruxelles / Brussel",PM10,2013,5,0,NULL,1174624
BE001C1,"Bruxelles / Brussel",PM2.5,2000,1,0,929298,964405
BE001C1,"Bruxelles / Brussel",PM2.5,2001,2,0,1003562,978384
BE001C1,"Bruxelles / Brussel",PM2.5,2002,2,0,1003562,978384
BE001C1,"Bruxelles / Brussel",PM2.5,2003,1,0,929298,992041
BE001C1,"Bruxelles / Brussel",PM2.5,2004,1,0,929298,999899
BE001C1,"Bruxelles / Brussel",PM2.5,2005,1,0,929298,1006749
BE001C1,"Bruxelles / Brussel",PM2.5,2006,3,0,1003562,1018804
BE001C1,"Bruxelles / Brussel",PM2.5,2007,3,0,1003562,1031215
BE001C1,"Bruxelles / Brussel",PM2.5,2008,4,0,1003562,1048491
BE001C1,"Bruxelles / Brussel",PM2.5,2009,4,0,1003562,1068532
BE001C1,"Bruxelles / Brussel",PM2.5,2010,3,0,1003562,1089538
BE001C1,"Bruxelles / Brussel",PM2.5,2011,3,1,1003562,1136778
BE001C1,"Bruxelles / Brussel",PM2.5,2012,4,0,1003562,1159448
BE001C1,"Bruxelles / Brussel",PM2.5,2013,4,0,NULL,1174624
BE002C1,Antwerpen,BaP,2006,1,0,34195,461496
BE002C1,Antwerpen,BaP,2007,1,0,34195,466203
BE002C1,Antwerpen,BaP,2008,1,0,34195,472071
BE002C1,Antwerpen,BaP,2009,1,0,34195,477936
BE002C1,Antwerpen,BaP,2010,1,0,34195,483505
BE002C1,Antwerpen,BaP,2011,1,0,17098,498473
BE002C1,Antwerpen,BaP,2012,1,0,34195,507368
BE002C1,Antwerpen,NO2,1990,1,1,34195,470349
BE002C1,Antwerpen,NO2,1991,1,1,34195,467518
BE002C1,Antwerpen,NO2,1992,1,1,34195,465783
BE002C1,Antwerpen,NO2,1993,1,1,34195,465102
BE002C1,Antwerpen,NO2,1994,1,1,34195,462880
BE002C1,Antwerpen,NO2,1995,1,1,34195,459072
BE002C1,Antwerpen,NO2,1996,1,1,34195,455852
BE002C1,Antwerpen,NO2,1997,1,1,34195,453030
BE002C1,Antwerpen,NO2,1998,1,1,34195,449745
BE002C1,Antwerpen,NO2,1999,1,1,34195,447632
BE002C1,Antwerpen,NO2,2000,1,1,34195,446525
BE002C1,Antwerpen,NO2,2001,1,1,34195,448709
BE002C1,Antwerpen,NO2,2002,1,1,34195,448709
BE002C1,Antwerpen,NO2,2003,1,1,34195,452474
BE002C1,Antwerpen,NO2,2004,1,1,34195,455148
BE002C1,Antwerpen,NO2,2005,1,1,34195,457749
BE002C1,Antwerpen,NO2,2006,2,1,462098,461496
BE002C1,Antwerpen,NO2,2007,2,1,462098,466203
BE002C1,Antwerpen,NO2,2008,2,1,462098,472071
BE002C1,Antwerpen,NO2,2009,2,1,462098,477936
BE002C1,Antwerpen,NO2,2010,2,1,462098,483505
BE002C1,Antwerpen,NO2,2011,2,1,462098,498473
BE002C1,Antwerpen,NO2,2012,3,2,462099,507368
BE002C1,Antwerpen,NO2,2013,3,2,NULL,512230
BE002C1,Antwerpen,O3,1997,1,0,34195,453030
BE002C1,Antwerpen,O3,2000,1,0,34195,446525
BE002C1,Antwerpen,O3,2001,1,0,34195,448709
BE002C1,Antwerpen,O3,2002,1,0,34195,448709
BE002C1,Antwerpen,O3,2003,1,0,34195,452474
BE002C1,Antwerpen,O3,2004,1,0,34195,455148
BE002C1,Antwerpen,O3,2005,1,0,34195,457749
BE002C1,Antwerpen,O3,2006,1,0,34195,461496
BE002C1,Antwerpen,O3,2007,1,0,34195,466203
BE002C1,Antwerpen,O3,2008,1,0,34195,472071
BE002C1,Antwerpen,O3,2009,1,0,34195,477936
BE002C1,Antwerpen,O3,2010,1,0,34195,483505
BE002C1,Antwerpen,O3,2011,1,0,34195,498473
BE002C1,Antwerpen,O3,2012,1,0,34195,507368
BE002C1,Antwerpen,O3,2013,1,0,NULL,512230
BE002C1,Antwerpen,PM10,1996,1,1,34195,455852
BE002C1,Antwerpen,PM10,1997,1,1,34195,453030
BE002C1,Antwerpen,PM10,1998,1,1,34195,449745
BE002C1,Antwerpen,PM10,1999,1,1,34195,447632
BE002C1,Antwerpen,PM10,2000,1,1,34195,446525
BE002C1,Antwerpen,PM10,2001,1,1,34195,448709
BE002C1,Antwerpen,PM10,2002,1,1,34195,448709
BE002C1,Antwerpen,PM10,2003,1,1,34195,452474
BE002C1,Antwerpen,PM10,2004,3,3,462097,455148
BE002C1,Antwerpen,PM10,2005,5,4,462099,457749
BE002C1,Antwerpen,PM10,2006,5,5,462099,461496
BE002C1,Antwerpen,PM10,2007,5,1,462099,466203
BE002C1,Antwerpen,PM10,2008,5,0,462099,472071
BE002C1,Antwerpen,PM10,2009,5,1,462099,477936
BE002C1,Antwerpen,PM10,2010,5,0,462099,483505
BE002C1,Antwerpen,PM10,2011,5,4,462099,498473
BE002C1,Antwerpen,PM10,2012,6,0,462100,507368
BE002C1,Antwerpen,PM10,2013,5,1,NULL,512230
BE002C1,Antwerpen,PM2.5,2003,1,0,34195,452474
BE002C1,Antwerpen,PM2.5,2004,1,0,34195,455148
BE002C1,Antwerpen,PM2.5,2006,1,0,34195,461496
BE002C1,Antwerpen,PM2.5,2007,1,0,34195,466203
BE002C1,Antwerpen,PM2.5,2008,1,0,34195,472071
BE002C1,Antwerpen,PM2.5,2009,2,0,462098,477936
BE002C1,Antwerpen,PM2.5,2010,3,0,462097,483505
BE002C1,Antwerpen,PM2.5,2011,2,0,462098,498473
BE002C1,Antwerpen,PM2.5,2012,3,0,462099,507368
BE002C1,Antwerpen,PM2.5,2013,3,0,NULL,512230
BE003C1,Gent,BaP,2010,1,0,107531,243366
BE003C1,Gent,BaP,2011,1,0,107531,248358
BE003C1,Gent,BaP,2012,1,0,215062,249205
BE003C1,Gent,BaP,2013,1,0,NULL,249754
BE003C1,Gent,NO2,1990,1,1,215062,230543
BE003C1,Gent,NO2,1991,1,0,215062,230246
BE003C1,Gent,NO2,1992,1,0,215062,230232
BE003C1,Gent,NO2,1993,1,0,215062,229821
BE003C1,Gent,NO2,1994,1,0,215062,228490
BE003C1,Gent,NO2,1995,1,0,215062,227483
BE003C1,Gent,NO2,1996,1,1,215062,226464
BE003C1,Gent,NO2,1997,1,1,215062,225469
BE003C1,Gent,NO2,1998,1,0,215062,224545
BE003C1,Gent,NO2,1999,1,0,215062,224074
BE003C1,Gent,NO2,2000,1,0,215062,224180
BE003C1,Gent,NO2,2001,1,0,215062,226220
BE003C1,Gent,NO2,2002,1,0,215062,226220
BE003C1,Gent,NO2,2003,1,1,215062,228016
BE003C1,Gent,NO2,2004,1,0,215062,229344
BE003C1,Gent,NO2,2005,1,0,215062,230951
BE003C1,Gent,NO2,2006,1,0,215062,233120
BE003C1,Gent,NO2,2007,1,0,215062,235143
BE003C1,Gent,NO2,2008,1,0,215062,237250
BE003C1,Gent,NO2,2009,1,0,215062,240049
BE003C1,Gent,NO2,2010,1,0,215062,243366
BE003C1,Gent,NO2,2011,1,0,215062,248358
BE003C1,Gent,NO2,2012,1,0,215062,249205
BE003C1,Gent,NO2,2013,1,0,NULL,249754
BE003C1,Gent,O3,1996,1,0,215062,226464
BE003C1,Gent,O3,1997,1,0,215062,225469
BE003C1,Gent,O3,1998,1,0,215062,224545
BE003C1,Gent,O3,1999,1,0,215062,224074
BE003C1,Gent,O3,2000,1,0,215062,224180
BE003C1,Gent,O3,2001,1,0,215062,226220
BE003C1,Gent,O3,2002,1,0,215062,226220
BE003C1,Gent,O3,2003,1,1,215062,228016
BE003C1,Gent,O3,2004,1,0,215062,229344
BE003C1,Gent,O3,2005,1,0,215062,230951
BE003C1,Gent,O3,2006,1,1,215062,233120
BE003C1,Gent,O3,2007,1,0,215062,235143
BE003C1,Gent,O3,2008,1,0,215062,237250
BE003C1,Gent,O3,2009,1,0,215062,240049
BE003C1,Gent,O3,2010,1,0,215062,243366
BE003C1,Gent,O3,2011,1,0,215062,248358
BE003C1,Gent,O3,2012,1,0,215062,249205
BE003C1,Gent,O3,2013,1,0,NULL,249754
BE003C1,Gent,PM10,1996,1,1,215062,226464
BE003C1,Gent,PM10,1997,1,1,215062,225469
BE003C1,Gent,PM10,1998,1,1,215062,224545
BE003C1,Gent,PM10,1999,1,1,215062,224074
BE003C1,Gent,PM10,2000,1,1,215062,224180
BE003C1,Gent,PM10,2001,1,1,215062,226220
BE003C1,Gent,PM10,2002,1,1,215062,226220
BE003C1,Gent,PM10,2003,1,1,215062,228016
BE003C1,Gent,PM10,2004,1,1,215062,229344
BE003C1,Gent,PM10,2005,1,1,215062,230951
BE003C1,Gent,PM10,2006,1,1,215062,233120
BE003C1,Gent,PM10,2007,1,0,215062,235143
BE003C1,Gent,PM10,2008,1,0,215062,237250
BE003C1,Gent,PM10,2009,1,1,215062,240049
BE003C1,Gent,PM10,2010,1,1,215062,243366
BE003C1,Gent,PM10,2011,1,1,215062,248358
BE003C1,Gent,PM10,2012,1,1,215062,249205
BE003C1,Gent,PM10,2013,1,1,NULL,249754
BE003C1,Gent,PM2.5,2009,2,0,215062,240049
BE003C1,Gent,PM2.5,2010,2,0,215062,243366
BE003C1,Gent,PM2.5,2011,2,0,215062,248358
BE003C1,Gent,PM2.5,2012,2,0,215062,249205
BE003C1,Gent,PM2.5,2013,2,0,NULL,249754
BE004C1,Charleroi,NO2,1991,1,1,15066,206214
BE004C1,Charleroi,NO2,1992,1,1,15066,206903
BE004C1,Charleroi,NO2,1993,1,1,15066,207045
BE004C1,Charleroi,NO2,1995,1,1,15066,206491
BE004C1,Charleroi,NO2,1997,1,1,15066,204899
BE004C1,Charleroi,NO2,1998,1,1,15066,203853
BE004C1,Charleroi,NO2,1999,2,1,203599,202020
BE004C1,Charleroi,NO2,2000,2,0,203599,200827
BE004C1,Charleroi,NO2,2001,2,0,203599,200578
BE004C1,Charleroi,NO2,2002,2,0,203599,200578
BE004C1,Charleroi,NO2,2003,2,1,203599,200460
BE004C1,Charleroi,NO2,2004,2,1,203599,200608
BE004C1,Charleroi,NO2,2005,2,1,203599,201373
BE004C1,Charleroi,NO2,2006,2,1,203599,201300
BE004C1,Charleroi,NO2,2007,2,1,203599,201550
BE004C1,Charleroi,NO2,2008,2,0,203599,201593
BE004C1,Charleroi,NO2,2009,2,0,203599,202234
BE004C1,Charleroi,NO2,2010,2,0,203599,202598
BE004C1,Charleroi,NO2,2011,2,0,203599,204150
BE004C1,Charleroi,NO2,2012,2,0,203599,204762
BE004C1,Charleroi,NO2,2013,2,0,NULL,204826
BE004C1,Charleroi,O3,1997,1,0,188533,204899
BE004C1,Charleroi,O3,1998,1,0,188533,203853
BE004C1,Charleroi,O3,1999,1,0,188533,202020
BE004C1,Charleroi,O3,2000,1,0,188533,200827
BE004C1,Charleroi,O3,2001,1,0,188533,200578
BE004C1,Charleroi,O3,2002,1,0,188533,200578
BE004C1,Charleroi,O3,2003,1,1,188533,200460
BE004C1,Charleroi,O3,2004,1,0,188533,200608
BE004C1,Charleroi,O3,2005,1,0,188533,201373
BE004C1,Charleroi,O3,2006,1,1,188533,201300
BE004C1,Charleroi,O3,2007,1,0,188533,201550
BE004C1,Charleroi,O3,2008,1,0,188533,201593
BE004C1,Charleroi,O3,2009,1,0,188533,202234
BE004C1,Charleroi,O3,2010,1,0,188533,202598
BE004C1,Charleroi,O3,2011,1,0,188533,204150
BE004C1,Charleroi,O3,2012,1,0,188533,204762
BE004C1,Charleroi,O3,2013,1,0,NULL,204826
BE004C1,Charleroi,PM10,1997,1,1,15066,204899
BE004C1,Charleroi,PM10,1998,1,1,15066,203853
BE004C1,Charleroi,PM10,1999,2,2,203599,202020
BE004C1,Charleroi,PM10,2000,2,2,203599,200827
BE004C1,Charleroi,PM10,2001,1,1,188533,200578
BE004C1,Charleroi,PM10,2002,2,2,203599,200578
BE004C1,Charleroi,PM10,2003,2,2,203599,200460
BE004C1,Charleroi,PM10,2004,2,1,203599,200608
BE004C1,Charleroi,PM10,2005,1,0,15066,201373
BE004C1,Charleroi,PM10,2006,1,1,15066,201300
BE004C1,Charleroi,PM10,2007,1,0,15066,201550
BE004C1,Charleroi,PM10,2008,2,0,188532,201593
BE004C1,Charleroi,PM10,2009,3,0,203598,202234
BE004C1,Charleroi,PM10,2010,3,0,203598,202598
BE004C1,Charleroi,PM10,2011,3,1,203598,204150
BE004C1,Charleroi,PM10,2012,3,0,203598,204762
BE004C1,Charleroi,PM10,2013,3,0,NULL,204826
BE004C1,Charleroi,PM2.5,2008,2,0,188532,201593
BE004C1,Charleroi,PM2.5,2009,3,0,203598,202234
BE004C1,Charleroi,PM2.5,2010,3,0,203598,202598
BE004C1,Charleroi,PM2.5,2011,2,0,203599,204150
BE004C1,Charleroi,PM2.5,2012,3,0,203598,204762
BE004C1,Charleroi,PM2.5,2013,3,0,NULL,204826
BE005C1,Liège,NO2,1990,1,1,334996,196825
BE005C1,Liège,NO2,1991,1,1,334996,195861
BE005C1,Liège,NO2,1992,1,0,334996,196303
BE005C1,Liège,NO2,1994,1,1,334996,195389
BE005C1,Liège,NO2,1995,1,0,334996,192393
BE005C1,Liège,NO2,1996,1,0,334996,189450
BE005C1,Liège,NO2,1997,1,0,334996,189510
BE005C1,Liège,NO2,1998,1,0,334996,188568
BE005C1,Liège,NO2,1999,1,0,334996,187538
BE005C1,Liège,NO2,2000,1,0,334996,266851
BE005C1,Liège,NO2,2001,1,0,334996,351095
BE005C1,Liège,NO2,2003,1,0,334996,359193
BE005C1,Liège,NO2,2004,1,0,334996,360361
BE005C1,Liège,NO2,2005,2,0,334996,360765
BE005C1,Liège,NO2,2006,2,0,334996,362932
BE005C1,Liège,NO2,2007,2,0,334996,365741
BE005C1,Liège,NO2,2008,2,0,334996,367612
BE005C1,Liège,NO2,2009,2,0,334996,369487
BE005C1,Liège,NO2,2010,2,0,334996,371880
BE005C1,Liège,NO2,2011,2,0,334996,377263
BE005C1,Liège,NO2,2012,2,0,334996,379978
BE005C1,Liège,NO2,2013,2,0,NULL,382009
BE005C1,Liège,O3,1994,1,0,334996,195389
BE005C1,Liège,O3,1998,1,0,334996,188568
BE005C1,Liège,O3,1999,1,0,334996,187538
BE005C1,Liège,O3,2000,1,0,334996,266851
BE005C1,Liège,O3,2001,1,0,334996,351095
BE005C1,Liège,O3,2002,1,0,334996,360068
BE005C1,Liège,O3,2003,1,1,334996,359193
BE005C1,Liège,O3,2004,1,0,334996,360361
BE005C1,Liège,O3,2005,2,0,334996,360765
BE005C1,Liège,O3,2006,2,1,334996,362932
BE005C1,Liège,O3,2007,2,0,334996,365741
BE005C1,Liège,O3,2008,2,0,334996,367612
BE005C1,Liège,O3,2009,2,0,334996,369487
BE005C1,Liège,O3,2010,2,0,334996,371880
BE005C1,Liège,O3,2011,2,0,334996,377263
BE005C1,Liège,O3,2012,2,0,334996,379978
BE005C1,Liège,O3,2013,2,0,NULL,382009
BE005C1,Liège,PM10,1999,1,1,334996,187538
BE005C1,Liège,PM10,2000,1,1,334996,266851
BE005C1,Liège,PM10,2001,1,1,334996,351095
BE005C1,Liège,PM10,2002,1,1,334996,360068
BE005C1,Liège,PM10,2003,1,1,334996,359193
BE005C1,Liège,PM10,2004,1,1,334996,360361
BE005C1,Liège,PM10,2005,1,0,334996,360765
BE005C1,Liège,PM10,2006,1,1,334996,362932
BE005C1,Liège,PM10,2007,1,0,334996,365741
BE005C1,Liège,PM10,2008,3,0,334995,367612
BE005C1,Liège,PM10,2009,5,1,334995,369487
BE005C1,Liège,PM10,2010,5,3,334995,371880
BE005C1,Liège,PM10,2011,5,3,334995,377263
BE005C1,Liège,PM10,2012,5,1,334995,379978
BE005C1,Liège,PM10,2013,4,0,NULL,382009
BE005C1,Liège,PM2.5,2008,2,0,334996,367612
BE005C1,Liège,PM2.5,2009,2,0,334996,369487
BE005C1,Liège,PM2.5,2010,2,0,334996,371880
BE005C1,Liège,PM2.5,2011,2,0,334996,377263
BE005C1,Liège,PM2.5,2012,5,0,334995,379978
BE005C1,Liège,PM2.5,2013,4,0,NULL,382009
BE006C1,Brugge,PM2.5,2009,1,0,108901,116969
BE006C1,Brugge,PM2.5,2010,1,0,108901,116741
BE006C1,Brugge,PM2.5,2011,1,0,108901,117260
BE006C1,Brugge,PM2.5,2012,1,0,108901,117617
BE006C1,Brugge,PM2.5,2013,1,0,NULL,118145
BE009C1,Mons,NO2,2002,1,0,84482,NULL
BE009C1,Mons,NO2,2003,1,0,84482,NULL
BE009C1,Mons,NO2,2004,1,0,84482,NULL
BE009C1,Mons,NO2,2005,1,0,84482,NULL
BE009C1,Mons,NO2,2006,1,0,84482,NULL
BE009C1,Mons,NO2,2007,1,0,84482,NULL
BE009C1,Mons,NO2,2008,1,0,84482,NULL
BE009C1,Mons,NO2,2009,1,0,84482,NULL
BE009C1,Mons,NO2,2010,1,0,84482,91759
BE009C1,Mons,NO2,2011,1,0,84482,92721
BE009C1,Mons,NO2,2012,1,0,84482,93398
BE009C1,Mons,NO2,2013,1,0,NULL,94316
BE009C1,Mons,O3,1999,1,0,84482,NULL
BE009C1,Mons,O3,2000,1,0,84482,NULL
BE009C1,Mons,O3,2001,1,0,84482,NULL
BE009C1,Mons,O3,2002,1,0,84482,NULL
BE009C1,Mons,O3,2003,1,1,84482,NULL
BE009C1,Mons,O3,2004,1,0,84482,NULL
BE009C1,Mons,O3,2005,1,0,84482,NULL
BE009C1,Mons,O3,2006,1,0,84482,NULL
BE009C1,Mons,O3,2007,1,0,84482,NULL
BE009C1,Mons,O3,2008,1,0,84482,NULL
BE009C1,Mons,O3,2009,1,0,84482,NULL
BE009C1,Mons,O3,2010,1,0,84482,91759
BE009C1,Mons,O3,2011,1,0,84482,92721
BE009C1,Mons,O3,2012,1,0,84482,93398
BE009C1,Mons,O3,2013,1,0,NULL,94316
BE009C1,Mons,PM10,2007,1,0,84482,NULL
BE009C1,Mons,PM10,2008,1,0,84482,NULL
BE009C1,Mons,PM10,2009,1,0,84482,NULL
BE009C1,Mons,PM10,2010,1,0,84482,91759
BE009C1,Mons,PM10,2011,1,0,84482,92721
BE009C1,Mons,PM10,2012,1,1,84482,93398
BE009C1,Mons,PM10,2013,1,0,NULL,94316
BE009C1,Mons,PM2.5,2008,1,0,84482,NULL
BE009C1,Mons,PM2.5,2009,1,0,84482,NULL
BE009C1,Mons,PM2.5,2010,1,0,84482,91759
BE009C1,Mons,PM2.5,2011,1,0,84482,92721
BE009C1,Mons,PM2.5,2012,1,0,84482,93398
BE009C1,Mons,PM2.5,2013,1,0,NULL,94316
BE010C1,Kortrijk,PM10,2003,1,1,66331,NULL
BE010C1,Kortrijk,PM10,2004,1,1,66331,NULL
BE010C1,Kortrijk,PM2.5,2003,1,0,66331,NULL
BE010C1,Kortrijk,PM2.5,2004,1,0,66331,NULL
BG001C1,Sofia,BaP,2012,1,1,41406,1208097
BG001C1,Sofia,BaP,2013,1,1,NULL,1213542
BG001C1,Sofia,NO2,2003,2,1,1108748,1127556
BG001C1,Sofia,NO2,2004,4,1,1150152,1138950
BG001C1,Sofia,NO2,2005,4,2,1150152,1148429
BG001C1,Sofia,NO2,2006,4,2,1150152,1154010
BG001C1,Sofia,NO2,2007,4,1,1150152,1156796
BG001C1,Sofia,NO2,2008,4,2,1150152,1162898
BG001C1,Sofia,NO2,2009,5,3,1150152,1165503
BG001C1,Sofia,NO2,2010,5,1,1150152,1165503
BG001C1,Sofia,NO2,2011,5,2,1150152,1202921
BG001C1,Sofia,NO2,2012,5,1,1150152,1208097
BG001C1,Sofia,NO2,2013,5,0,NULL,1213542
BG001C1,Sofia,O3,1999,1,0,1108747,1133183
BG001C1,Sofia,O3,2001,1,0,1108747,1091772
BG001C1,Sofia,O3,2003,2,0,1108748,1127556
BG001C1,Sofia,O3,2004,2,0,1108748,1138950
BG001C1,Sofia,O3,2005,2,0,1108748,1148429
BG001C1,Sofia,O3,2006,2,0,1108748,1154010
BG001C1,Sofia,O3,2007,2,0,1108748,1156796
BG001C1,Sofia,O3,2008,3,0,1108746,1162898
BG001C1,Sofia,O3,2009,4,1,1150152,1165503
BG001C1,Sofia,O3,2010,4,1,1150152,1165503
BG001C1,Sofia,O3,2011,4,1,1150152,1202921
BG001C1,Sofia,O3,2012,4,2,1150152,1208097
BG001C1,Sofia,O3,2013,4,0,NULL,1213542
BG001C1,Sofia,PM10,2000,1,1,1108747,1142152
BG001C1,Sofia,PM10,2003,3,3,1108746,1127556
BG001C1,Sofia,PM10,2004,3,3,1150154,1138950
BG001C1,Sofia,PM10,2005,3,3,1150154,1148429
BG001C1,Sofia,PM10,2006,4,4,1150152,1154010
BG001C1,Sofia,PM10,2007,3,3,1150154,1156796
BG001C1,Sofia,PM10,2008,4,4,1150152,1162898
BG001C1,Sofia,PM10,2009,5,5,1150152,1165503
BG001C1,Sofia,PM10,2010,5,5,1150152,1165503
BG001C1,Sofia,PM10,2011,5,5,1150152,1202921
BG001C1,Sofia,PM10,2012,5,5,1150152,1208097
BG001C1,Sofia,PM10,2013,5,5,NULL,1213542
BG001C1,Sofia,PM2.5,2009,1,0,1108747,1165503
BG001C1,Sofia,PM2.5,2010,1,1,1108747,1165503
BG001C1,Sofia,PM2.5,2011,1,1,1108747,1202921
BG001C1,Sofia,PM2.5,2012,1,1,1108747,1208097
BG001C1,Sofia,PM2.5,2013,1,1,NULL,1213542
BG002C1,Plovdiv,BaP,2009,1,1,12352,348465
BG002C1,Plovdiv,BaP,2011,1,1,12352,338062
BG002C1,Plovdiv,BaP,2013,1,1,NULL,339129
BG002C1,Plovdiv,NO2,1999,1,0,330762,344976
BG002C1,Plovdiv,NO2,2001,1,0,330762,338224
BG002C1,Plovdiv,NO2,2004,1,0,330762,341464
BG002C1,Plovdiv,NO2,2005,1,0,330762,341873
BG002C1,Plovdiv,NO2,2006,1,0,330762,343662
BG002C1,Plovdiv,NO2,2007,1,0,330762,345249
BG002C1,Plovdiv,NO2,2008,1,0,330762,347600
BG002C1,Plovdiv,NO2,2009,2,1,343114,348465
BG002C1,Plovdiv,NO2,2010,2,1,343114,348465
BG002C1,Plovdiv,NO2,2011,2,1,343114,338062
BG002C1,Plovdiv,NO2,2012,2,1,343114,338184
BG002C1,Plovdiv,NO2,2013,2,1,NULL,339129
BG002C1,Plovdiv,O3,1999,1,0,330762,344976
BG002C1,Plovdiv,O3,2001,1,0,330762,338224
BG002C1,Plovdiv,O3,2004,1,0,330762,341464
BG002C1,Plovdiv,O3,2005,1,0,330762,341873
BG002C1,Plovdiv,O3,2006,1,0,330762,343662
BG002C1,Plovdiv,O3,2007,1,1,330762,345249
BG002C1,Plovdiv,O3,2008,1,1,330762,347600
BG002C1,Plovdiv,O3,2009,1,0,330762,348465
BG002C1,Plovdiv,O3,2010,1,0,330762,348465
BG002C1,Plovdiv,O3,2011,1,0,330762,338062
BG002C1,Plovdiv,O3,2012,1,1,330762,338184
BG002C1,Plovdiv,O3,2013,1,0,NULL,339129
BG002C1,Plovdiv,PM10,2003,1,1,330762,340320
BG002C1,Plovdiv,PM10,2004,1,1,330762,341464
BG002C1,Plovdiv,PM10,2005,1,1,330762,341873
BG002C1,Plovdiv,PM10,2006,1,1,330762,343662
BG002C1,Plovdiv,PM10,2007,1,1,330762,345249
BG002C1,Plovdiv,PM10,2008,1,1,330762,347600
BG002C1,Plovdiv,PM10,2009,2,2,343114,348465
BG002C1,Plovdiv,PM10,2010,2,2,343114,348465
BG002C1,Plovdiv,PM10,2011,2,2,343114,338062
BG002C1,Plovdiv,PM10,2012,2,2,343114,338184
BG002C1,Plovdiv,PM10,2013,2,2,NULL,339129
BG002C1,Plovdiv,PM2.5,2010,1,1,330762,348465
BG002C1,Plovdiv,PM2.5,2011,1,1,330762,338062
BG002C1,Plovdiv,PM2.5,2012,1,1,330762,338184
BG002C1,Plovdiv,PM2.5,2013,1,1,NULL,339129
BG003C1,Varna,BaP,2012,1,0,300400,334781
BG003C1,Varna,BaP,2013,1,0,NULL,334744
BG003C1,Varna,NO2,1998,1,0,11218,299801
BG003C1,Varna,NO2,1999,1,0,11218,296204
BG003C1,Varna,NO2,2001,1,0,11218,312889
BG003C1,Varna,NO2,2005,1,0,11218,311796
BG003C1,Varna,NO2,2006,1,0,11218,311465
BG003C1,Varna,NO2,2007,1,0,11218,313983
BG003C1,Varna,NO2,2008,1,0,11218,318313
BG003C1,Varna,NO2,2009,1,0,11218,320837
BG003C1,Varna,NO2,2010,2,0,311618,320837
BG003C1,Varna,NO2,2011,2,0,311618,334486
BG003C1,Varna,NO2,2012,2,0,311618,334781
BG003C1,Varna,NO2,2013,1,0,NULL,334744
BG003C1,Varna,O3,2001,1,0,11218,312889
BG003C1,Varna,O3,2003,1,1,11218,312155
BG003C1,Varna,O3,2005,1,0,11218,311796
BG003C1,Varna,O3,2006,1,0,11218,311465
BG003C1,Varna,O3,2007,1,0,11218,313983
BG003C1,Varna,O3,2008,1,0,11218,318313
BG003C1,Varna,O3,2009,1,0,11218,320837
BG003C1,Varna,O3,2010,1,0,11218,320837
BG003C1,Varna,O3,2011,1,0,11218,334486
BG003C1,Varna,O3,2012,1,0,11218,334781
BG003C1,Varna,PM10,2007,1,1,11218,313983
BG003C1,Varna,PM10,2009,1,1,11218,320837
BG003C1,Varna,PM10,2010,2,2,311618,320837
BG003C1,Varna,PM10,2011,2,2,311618,334486
BG003C1,Varna,PM10,2012,2,1,311618,334781
BG003C1,Varna,PM10,2013,1,1,NULL,334744
BG003C1,Varna,PM2.5,2010,1,0,11218,320837
BG003C1,Varna,PM2.5,2011,1,0,11218,334486
BG003C1,Varna,PM2.5,2012,1,0,11218,334781
BG004C1,Burgas,BaP,2006,1,0,185854,188887
BG004C1,Burgas,BaP,2007,1,0,185854,187514
BG004C1,Burgas,BaP,2008,1,0,185854,188861
BG004C1,Burgas,BaP,2009,1,0,185854,193765
BG004C1,Burgas,BaP,2010,1,0,185854,193765
BG004C1,Burgas,BaP,2011,1,0,185854,200261
BG004C1,Burgas,BaP,2012,1,0,185854,199484
BG004C1,Burgas,BaP,2013,1,0,NULL,199083
BG004C1,Burgas,NO2,2005,1,0,185854,189245
BG004C1,Burgas,NO2,2008,1,0,185854,188861
BG004C1,Burgas,NO2,2009,1,0,185854,193765
BG004C1,Burgas,NO2,2010,1,0,185854,193765
BG004C1,Burgas,NO2,2011,2,0,185854,200261
BG004C1,Burgas,NO2,2012,2,0,185854,199484
BG004C1,Burgas,NO2,2013,2,0,NULL,199083
BG004C1,Burgas,O3,2005,1,0,185854,189245
BG004C1,Burgas,O3,2006,1,1,185854,188887
BG004C1,Burgas,O3,2007,1,1,185854,187514
BG004C1,Burgas,O3,2008,2,0,185854,188861
