concID,pollutantID,stationID,year,concentration,pctValid,measurementCode,population,exceededLimit
44515,BaP,AT2KA21,2010,2.70,100.00,100,5967,1
44516,BaP,AT2KA21,2011,2.00,100.00,100,5967,1
44517,BaP,AT2KA21,2012,1.21,100.00,100,5967,1
49214,BaP,AT2KA21,2013,0.71,NULL,NULL,NULL,0
44518,BaP,AT4S184,2010,1.00,100.00,100,86926,1
44519,BaP,AT4S184,2011,1.18,100.00,100,86926,1
44520,BaP,AT4S184,2012,0.81,100.00,100,86926,0
49209,BaP,AT4S184,2013,0.61,NULL,NULL,NULL,0
44521,BaP,AT4S416,2006,1.62,100.00,100,173852,1
44522,BaP,AT4S416,2007,0.91,100.00,100,173852,0
44523,BaP,AT4S416,2008,1.10,100.00,100,173852,1
44524,BaP,AT4S416,2009,1.30,100.00,100,173852,1
44525,BaP,AT4S416,2010,1.20,100.00,100,86926,1
44526,BaP,AT4S416,2011,1.47,100.00,100,86926,1
44527,BaP,AT4S416,2012,0.96,100.00,100,86926,0
49210,BaP,AT4S416,2013,0.85,NULL,NULL,NULL,0
44528,BaP,AT4S431,2006,1.20,100.00,100,11887,1
44529,BaP,AT4S431,2007,0.91,100.00,100,11887,0
44530,BaP,AT4S431,2008,0.90,100.00,100,11887,0
44531,BaP,AT4S431,2009,1.00,100.00,100,11887,1
44532,BaP,AT4S431,2010,1.10,100.00,100,11887,1
44533,BaP,AT4S431,2011,1.44,100.00,100,11887,1
44534,BaP,AT4S431,2012,0.81,100.00,100,11887,0
49211,BaP,AT4S431,2013,0.77,NULL,NULL,NULL,0
44535,BaP,AT51000,2000,0.72,100.00,100,9430,0
44536,BaP,AT51000,2001,0.46,100.00,100,9430,0
44537,BaP,AT51000,2002,0.87,100.00,100,9430,0
44538,BaP,AT51000,2003,1.24,100.00,100,9430,1
44539,BaP,AT51000,2005,0.88,100.00,100,9430,0
44540,BaP,AT51000,2006,1.21,100.00,100,9430,1
44541,BaP,AT51000,2007,0.91,100.00,100,9430,0
44542,BaP,AT51000,2008,1.00,100.00,100,9430,1
44543,BaP,AT51000,2009,1.10,100.00,100,9430,1
44544,BaP,AT51000,2010,0.70,100.00,100,9430,0
44545,BaP,AT51000,2011,0.80,100.00,100,9430,0
44546,BaP,AT51000,2012,0.64,100.00,100,9430,0
49212,BaP,AT51000,2013,0.66,NULL,NULL,NULL,0
44547,BaP,AT51200,2006,3.48,100.00,100,137907,1
44548,BaP,AT51200,2007,1.11,100.00,100,137907,1
44549,BaP,AT51200,2008,1.00,100.00,100,137907,1
44550,BaP,AT51200,2010,0.60,100.00,100,137907,0
44551,BaP,AT51200,2011,0.72,100.00,100,137907,0
44552,BaP,AT51200,2012,0.65,100.00,100,137907,0
44553,BaP,AT60170,2007,2.30,100.00,100,232038,1
44554,BaP,AT60170,2008,1.50,100.00,100,232038,1
44555,BaP,AT60170,2009,2.70,100.00,100,232038,1
44556,BaP,AT60170,2010,2.20,100.00,100,232038,1
44557,BaP,AT60170,2011,2.30,100.00,100,232038,1
44558,BaP,AT60170,2012,2.49,100.00,100,232038,1
49208,BaP,AT60170,2013,1.58,NULL,NULL,NULL,1
44559,BaP,AT72110,2007,1.46,100.00,100,7086,1
44560,BaP,AT72110,2008,1.00,100.00,100,7086,1
44561,BaP,AT72110,2009,1.30,100.00,100,7086,1
44562,BaP,AT72110,2010,1.10,100.00,100,7086,1
44563,BaP,AT72110,2011,1.17,100.00,100,7086,1
44564,BaP,AT72110,2012,0.95,100.00,100,7086,0
49213,BaP,AT72110,2013,0.80,NULL,NULL,NULL,0
44565,BaP,AT90AKC,2007,0.74,100.00,101,52889,0
44566,BaP,AT90AKC,2008,0.70,100.00,101,52889,0
44567,BaP,AT90AKC,2009,0.80,100.00,101,52889,0
44568,BaP,AT90AKC,2010,1.00,100.00,101,52889,1
44569,BaP,AT90AKC,2011,0.60,100.00,101,52889,0
44570,BaP,AT90AKC,2012,0.50,100.00,101,52889,0
49206,BaP,AT90AKC,2013,0.40,NULL,NULL,NULL,0
44571,BaP,AT9RINN,2007,1.03,100.00,100,52889,1
44572,BaP,AT9RINN,2008,0.90,100.00,100,52889,0
44573,BaP,AT9RINN,2009,0.80,100.00,100,52889,0
44574,BaP,AT9RINN,2010,1.30,100.00,100,52889,1
44575,BaP,AT9RINN,2011,0.60,100.00,100,52889,0
44576,BaP,AT9RINN,2012,0.50,100.00,100,52889,0
49207,BaP,AT9RINN,2013,0.50,NULL,NULL,NULL,0
44577,BaP,BEPIHE2,2006,0.46,35.34,100,309766,0
44578,BaP,BEPMEU1,2006,0.41,96.16,100,309766,0
44579,BaP,BEPMEU1,2007,0.45,97.26,100,464649,0
44580,BaP,BEPMEU1,2008,0.30,96.18,100,309766,0
44581,BaP,BEPMEU1,2009,0.37,98.08,100,232325,0
44582,BaP,BEPMEU1,2010,0.61,48.49,100,309766,0
49215,BaP,BEPMEU1,2013,0.27,NULL,NULL,NULL,0
44583,BaP,BEPR001,2006,0.20,46.58,100,18566,0
44584,BaP,BEPR001,2007,0.47,87.95,100,18566,0
44585,BaP,BEPR001,2008,0.36,72.40,100,12377,0
44586,BaP,BEPR001,2009,0.38,27.67,100,12377,0
44587,BaP,BEPR001,2011,0.36,82.19,100,12377,0
44588,BaP,BEPR001,2012,0.39,74.32,100,18566,0
49216,BaP,BEPR001,2013,0.40,NULL,NULL,NULL,0
44589,BaP,BEPR002,2006,0.40,96.16,100,18566,0
44590,BaP,BEPR002,2007,0.35,89.59,100,18566,0
44591,BaP,BEPR002,2008,0.32,98.09,100,12377,0
44592,BaP,BEPR002,2009,0.24,82.74,100,12377,0
44593,BaP,BEPR002,2010,0.19,98.90,100,24755,0
44594,BaP,BEPR002,2011,0.30,99.45,100,12377,0
44595,BaP,BEPR002,2012,0.21,92.35,100,18566,0
49217,BaP,BEPR002,2013,0.18,NULL,NULL,NULL,0
44596,BaP,BEPR012,2006,0.29,64.11,100,309766,0
44597,BaP,BEPR012,2007,0.28,80.82,100,464649,0
44598,BaP,BEPR012,2008,0.28,62.84,100,309766,0
44599,BaP,BEPR012,2009,0.17,77.53,100,232325,0
44600,BaP,BEPR012,2010,0.19,68.49,100,309766,0
44601,BaP,BEPR012,2011,0.35,78.90,100,309766,0
44602,BaP,BEPR012,2012,0.29,77.05,100,464649,0
49218,BaP,BEPR012,2013,0.28,NULL,NULL,NULL,0
44603,BaP,BEPR112,2009,0.08,64.93,100,232325,0
44604,BaP,BEPR112,2010,0.14,92.33,100,309766,0
44605,BaP,BEPR112,2011,0.24,97.53,100,309766,0
44606,BaP,BEPR112,2012,0.16,96.18,100,464649,0
49219,BaP,BEPR112,2013,0.15,NULL,NULL,NULL,0
44607,BaP,BEPR701,2010,0.21,29.86,100,107531,0
44608,BaP,BEPR701,2011,0.11,23.01,100,107531,0
44609,BaP,BEPR701,2012,0.09,26.23,100,215062,0
49222,BaP,BEPR701,2013,0.22,NULL,NULL,NULL,0
44610,BaP,BEPR801,2006,0.34,23.56,100,34195,0
44611,BaP,BEPR801,2007,0.49,18.08,100,34195,0
44612,BaP,BEPR801,2008,0.52,24.86,100,34195,0
44613,BaP,BEPR801,2009,0.42,32.60,100,34195,0
44614,BaP,BEPR801,2010,0.28,31.51,100,34195,0
44615,BaP,BEPR801,2011,0.16,29.04,100,17098,0
44616,BaP,BEPR801,2012,0.12,32.24,100,34195,0
44617,BaP,BEPWOL1,2006,0.34,98.08,100,18566,0
44618,BaP,BEPWOL1,2007,0.29,95.34,100,18566,0
44619,BaP,BEPWOL1,2008,0.27,100.00,100,12377,0
44620,BaP,BEPWOL1,2009,0.24,98.08,100,12377,0
44621,BaP,BEPWOL1,2010,0.21,98.63,100,24755,0
44622,BaP,BEPWOL1,2011,0.29,95.34,100,12377,0
44623,BaP,BEPWOL1,2011,0.29,95.07,100,12377,0
44624,BaP,BEPWOL1,2012,0.19,100.00,100,18566,0
49220,BaP,BEPWOL1,2013,0.17,NULL,NULL,NULL,0
44625,BaP,BEPWOL2,2006,0.17,49.32,100,18566,0
44626,BaP,BEPWOL2,2007,0.40,87.40,100,18566,0
44627,BaP,BEPWOL2,2008,0.33,65.03,100,12377,0
44628,BaP,BEPWOL2,2009,0.20,87.67,100,12377,0
44629,BaP,BEPWOL2,2010,0.29,98.08,100,24755,0
44630,BaP,BEPWOL2,2011,0.36,90.41,100,12377,0
44631,BaP,BEPWOL2,2012,0.26,84.70,100,18566,0
49221,BaP,BEPWOL2,2013,0.23,NULL,NULL,NULL,0
44632,BaP,BG0019A,2008,0.82,14.75,100,109169,0
44633,BaP,BG0019A,2009,0.59,14.80,100,109169,0
44634,BaP,BG0019A,2011,0.32,14.25,100,109169,0
44635,BaP,BG0019A,2012,2.31,14.21,100,109169,1
49227,BaP,BG0019A,2013,0.72,NULL,NULL,NULL,0
44636,BaP,BG0046A,2006,3.38,14.25,100,75466,1
44637,BaP,BG0046A,2008,2.60,14.48,100,75466,1
44638,BaP,BG0046A,2012,2.70,14.75,100,75466,1
49228,BaP,BG0046A,2013,3.18,NULL,NULL,NULL,1
44639,BaP,BG0058A,2009,3.63,14.25,100,65008,1
49230,BaP,BG0058A,2013,2.29,NULL,NULL,NULL,1
44640,BaP,BG0061A,2008,1.50,15.30,100,75833,1
44641,BaP,BG0061A,2009,3.77,14.80,100,75833,1
44642,BaP,BG0061A,2010,4.81,15.07,100,75833,1
44643,BaP,BG0061A,2011,16.23,14.80,100,75833,1
44644,BaP,BG0061A,2012,5.76,15.30,100,75833,1
49229,BaP,BG0061A,2013,2.35,NULL,NULL,NULL,1
44645,BaP,BG0063A,2006,0.23,16.99,100,185854,0
44646,BaP,BG0063A,2007,0.42,21.92,100,185854,0
44647,BaP,BG0063A,2008,0.46,18.85,100,185854,0
44648,BaP,BG0063A,2009,0.90,23.29,100,185854,0
44649,BaP,BG0063A,2010,0.59,23.84,100,185854,0
44650,BaP,BG0063A,2011,0.54,17.81,100,185854,0
44651,BaP,BG0063A,2012,0.03,19.67,100,185854,0
49226,BaP,BG0063A,2013,0.00,NULL,NULL,NULL,0
44652,BaP,BG0072A,2009,3.25,14.80,100,12352,1
44653,BaP,BG0072A,2011,7.53,14.25,100,12352,1
49224,BaP,BG0072A,2013,2.52,NULL,NULL,NULL,1
44654,BaP,BG0073A,2012,2.06,15.30,100,41406,1
49223,BaP,BG0073A,2013,2.77,NULL,NULL,NULL,1
44655,BaP,BG0074A,2012,0.18,14.21,100,300400,0
49225,BaP,BG0074A,2013,0.55,NULL,NULL,NULL,0
44656,BaP,CH0010A,2006,0.38,100.00,100,321820,0
44657,BaP,CH0010A,2007,0.26,100.00,100,321820,0
44658,BaP,CH0010A,2008,0.33,100.00,100,321820,0
44659,BaP,CH0010A,2009,0.36,100.00,100,321820,0
44660,BaP,CH0010A,2010,0.26,100.00,100,321820,0
44661,BaP,CH0010A,2011,0.20,100.00,100,321820,0
44662,BaP,CH0010A,2012,0.20,100.00,100,321820,0
49231,BaP,CH0010A,2013,0.19,NULL,NULL,NULL,0
44663,BaP,CH0011A,2006,0.59,100.00,100,43895,0
44664,BaP,CH0011A,2007,0.47,100.00,100,43895,0
44665,BaP,CH0011A,2008,0.35,100.00,100,43895,0
44666,BaP,CH0011A,2009,0.42,100.00,100,43895,0
44667,BaP,CH0011A,2010,0.34,100.00,100,43895,0
44668,BaP,CH0011A,2011,0.31,100.00,100,43895,0
44669,BaP,CH0011A,2012,0.26,100.00,100,43895,0
49234,BaP,CH0011A,2013,0.22,NULL,NULL,NULL,0
44670,BaP,CH0028A,2009,0.25,100.00,100,5586,0
44671,BaP,CH0028A,2010,0.17,100.00,100,5586,0
44672,BaP,CH0028A,2011,0.19,100.00,100,5586,0
44673,BaP,CH0028A,2012,0.15,100.00,100,5586,0
49233,BaP,CH0028A,2013,0.12,NULL,NULL,NULL,0
44674,BaP,CH0031A,2006,0.68,100.00,100,6210,0
44675,BaP,CH0031A,2007,0.47,100.00,100,6210,0
44676,BaP,CH0031A,2008,0.43,100.00,100,6210,0
44677,BaP,CH0031A,2009,0.50,100.00,100,6210,0
44678,BaP,CH0031A,2010,0.48,100.00,100,6210,0
44679,BaP,CH0031A,2011,0.35,100.00,100,6210,0
44680,BaP,CH0031A,2012,0.31,100.00,100,6210,0
49232,BaP,CH0031A,2013,0.27,NULL,NULL,NULL,0
44681,BaP,CY0005A,2009,0.05,65.21,100,173327,0
44682,BaP,CY0005A,2010,0.14,66.30,100,173327,0
44683,BaP,CY0005A,2011,0.19,98.08,100,173327,0
44684,BaP,CY0005A,2012,0.33,88.25,100,173327,0
49235,BaP,CY0005A,2013,0.33,NULL,NULL,NULL,0
44685,BaP,CZ0ALIB,2005,1.21,31.51,100,1118177,1
44686,BaP,CZ0ALIB,2006,1.86,30.96,100,1118177,1
44687,BaP,CZ0ALIB,2007,1.14,33.15,100,1118177,1
44688,BaP,CZ0ALIB,2008,0.99,31.97,100,559089,0
44689,BaP,CZ0ALIB,2009,0.84,98.08,100,559089,0
44690,BaP,CZ0ALIB,2010,0.94,86.30,100,559089,0
44691,BaP,CZ0ALIB,2011,0.87,97.53,100,559089,0
44692,BaP,CZ0ALIB,2012,1.12,97.27,100,559089,1
49236,BaP,CZ0ALIB,2013,1.24,NULL,NULL,NULL,1
44693,BaP,CZ0ASMI,2005,1.32,31.78,100,52689,1
44694,BaP,CZ0ASMI,2006,1.91,30.14,100,52689,1
44695,BaP,CZ0ASMI,2007,1.47,37.53,100,52689,1
44696,BaP,CZ0ASMI,2008,1.23,32.51,100,52689,1
44697,BaP,CZ0ASMI,2009,0.88,95.34,100,52689,0
44698,BaP,CZ0ASRO,2008,1.43,16.39,100,559089,1
44699,BaP,CZ0ASRO,2009,1.38,98.08,100,559089,1
44700,BaP,CZ0ASRO,2010,1.09,91.51,100,559089,1
44701,BaP,CZ0ASRO,2011,1.23,98.36,100,559089,1
44702,BaP,CZ0ASRO,2012,0.87,98.36,100,559089,0
49237,BaP,CZ0ASRO,2013,0.94,NULL,NULL,NULL,0
44703,BaP,CZ0BBNA,2008,1.42,16.67,100,347223,1
44704,BaP,CZ0BBNA,2009,1.20,100.00,100,173611,1
44705,BaP,CZ0BBNA,2010,1.23,100.00,100,173611,1
44706,BaP,CZ0BBNA,2011,1.11,100.00,100,173611,1
44707,BaP,CZ0BBNA,2012,1.21,100.00,100,173611,1
49238,BaP,CZ0BBNA,2013,0.82,NULL,NULL,NULL,0
44708,BaP,CZ0BBNF,2005,1.51,15.07,100,16361,1
44709,BaP,CZ0BBNF,2006,2.16,15.34,100,16361,1
44710,BaP,CZ0BBNF,2007,1.28,16.16,100,16361,1
44711,BaP,CZ0BBNF,2008,1.38,30.33,100,16361,1
44712,BaP,CZ0BBNI,2009,0.50,93.43,100,173611,0
44713,BaP,CZ0BBNI,2010,0.78,95.89,100,173611,0
44714,BaP,CZ0BBNI,2011,0.74,97.53,100,173611,0
44715,BaP,CZ0BBNI,2012,0.97,95.08,100,173611,0
49239,BaP,CZ0BBNI,2013,0.91,NULL,NULL,NULL,0
44716,BaP,CZ0CCBA,2005,1.96,19.18,100,85038,1
44717,BaP,CZ0CCBA,2006,1.82,32.06,100,85038,1
44718,BaP,CZ0CCBA,2007,1.49,32.60,100,85038,1
44719,BaP,CZ0CCBA,2008,1.35,32.79,100,85038,1
44720,BaP,CZ0CCBA,2009,1.36,98.36,100,85038,1
44721,BaP,CZ0CCBA,2010,1.47,99.18,100,85038,1
44722,BaP,CZ0CCBA,2011,1.34,100.00,100,85038,1
44723,BaP,CZ0CCBA,2012,1.68,98.91,100,85038,1
49247,BaP,CZ0CCBA,2013,1.51,NULL,NULL,NULL,1
44724,BaP,CZ0EPAU,2005,1.20,28.22,100,82268,1
44725,BaP,CZ0EPAU,2006,1.33,23.84,100,82268,1
44726,BaP,CZ0EPAU,2007,1.24,29.59,100,82268,1
44727,BaP,CZ0EPAU,2008,0.80,24.04,100,82268,0
44728,BaP,CZ0EPAU,2009,0.81,96.16,100,82268,0
44729,BaP,CZ0EPAU,2010,0.92,93.43,100,82268,0
44730,BaP,CZ0EPAU,2011,1.12,100.00,100,82268,1
44731,BaP,CZ0EPAU,2012,1.22,97.54,100,82268,1
49250,BaP,CZ0EPAU,2013,1.21,NULL,NULL,NULL,1
44732,BaP,CZ0HHKB,2005,1.50,29.86,100,4241,1
44733,BaP,CZ0HHKB,2006,2.19,33.15,100,4241,1
44734,BaP,CZ0HHKB,2007,1.58,32.33,100,4241,1
44735,BaP,CZ0HHKB,2008,1.01,33.06,100,2120,1
44736,BaP,CZ0HHKB,2009,1.17,99.18,100,2120,1
44737,BaP,CZ0HHKB,2010,1.11,98.36,100,2120,1
44738,BaP,CZ0HHKB,2011,1.21,96.71,100,2120,1
44739,BaP,CZ0HHKS,2008,0.80,16.39,100,2120,0
44740,BaP,CZ0HHKS,2009,0.59,100.00,100,2120,0
44741,BaP,CZ0HHKS,2010,0.51,100.00,100,2120,0
44742,BaP,CZ0HHKS,2011,0.63,99.73,100,2120,0
44743,BaP,CZ0HHKS,2012,0.61,100.00,100,4241,0
49248,BaP,CZ0HHKS,2013,0.79,NULL,NULL,NULL,0
44744,BaP,CZ0HHKT,2012,1.50,98.36,100,89999,1
49249,BaP,CZ0HHKT,2013,1.48,NULL,NULL,NULL,1
49253,BaP,CZ0JJIH,2013,0.80,NULL,NULL,NULL,0
44745,BaP,CZ0LLIM,2005,1.66,30.96,100,93521,1
44746,BaP,CZ0LLIM,2006,2.18,32.60,100,93521,1
44747,BaP,CZ0LLIM,2007,1.58,30.96,100,93521,1
44748,BaP,CZ0LLIM,2008,1.22,32.79,100,93521,1
44749,BaP,CZ0LLIM,2009,1.38,98.63,100,93521,1
44750,BaP,CZ0LLIM,2010,1.25,100.00,100,93521,1
44751,BaP,CZ0LLIM,2011,1.61,100.00,100,93521,1
44752,BaP,CZ0LLIM,2012,1.58,99.18,100,93521,1
49246,BaP,CZ0LLIM,2013,1.50,NULL,NULL,NULL,1
44753,BaP,CZ0MOLJ,2012,1.61,89.89,100,95480,1
49245,BaP,CZ0MOLJ,2013,1.70,NULL,NULL,NULL,1
44754,BaP,CZ0MOLO,2005,1.60,30.14,100,95480,1
44755,BaP,CZ0MOLO,2006,1.54,29.86,100,95480,1
44756,BaP,CZ0PPLA,2005,1.75,31.23,100,7281,1
44757,BaP,CZ0PPLA,2006,2.42,31.23,100,7281,1
44758,BaP,CZ0PPLA,2007,1.58,32.60,100,7281,1
44759,BaP,CZ0PPLA,2008,1.67,31.42,100,7281,1
44760,BaP,CZ0PPLA,2009,1.19,30.41,100,3640,1
44761,BaP,CZ0PPLR,2008,1.76,15.57,100,154514,1
44762,BaP,CZ0PPLR,2009,1.46,98.36,100,154514,1
44763,BaP,CZ0PPLR,2010,1.81,98.36,100,154514,1
44764,BaP,CZ0PPLR,2011,1.58,95.07,100,154514,1
44765,BaP,CZ0PPLR,2012,0.69,95.08,100,154514,0
49241,BaP,CZ0PPLR,2013,1.05,NULL,NULL,NULL,1
44766,BaP,CZ0PPLX,2009,1.19,91.78,100,3640,1
44767,BaP,CZ0PPLX,2010,1.18,95.89,100,7281,1
44768,BaP,CZ0PPLX,2011,1.27,90.41,100,7281,1
44769,BaP,CZ0PPLX,2012,1.49,90.71,100,7281,1
49242,BaP,CZ0PPLX,2013,1.49,NULL,NULL,NULL,1
44770,BaP,CZ0SKLM,2005,1.67,29.59,100,66418,1
44771,BaP,CZ0SKLS,2006,8.17,29.86,100,66418,1
44772,BaP,CZ0SKLS,2007,4.98,32.33,100,66418,1
44773,BaP,CZ0SKLS,2008,5.96,32.79,100,66418,1
44774,BaP,CZ0SKLS,2009,4.49,100.00,100,66418,1
44775,BaP,CZ0SKLS,2010,4.30,96.44,100,66418,1
44776,BaP,CZ0SKLS,2011,3.91,98.36,100,66418,1
44777,BaP,CZ0SKLS,2012,4.67,99.18,100,66418,1
49252,BaP,CZ0SKLS,2013,4.12,NULL,NULL,NULL,1
44778,BaP,CZ0TKAO,2008,5.71,15.30,100,2805,1
44779,BaP,CZ0TKAO,2009,7.42,99.18,100,2805,1
44780,BaP,CZ0TKAO,2010,6.27,100.00,100,2805,1
44781,BaP,CZ0TKAO,2011,7.44,99.73,100,2805,1
49254,BaP,CZ0TKAO,2013,5.40,NULL,NULL,NULL,1
44782,BaP,CZ0TOPO,2005,3.23,32.60,100,294937,1
44783,BaP,CZ0TOPO,2006,3.69,32.06,100,294937,1
44784,BaP,CZ0TOPO,2007,2.23,32.60,100,294937,1
44785,BaP,CZ0TOPO,2008,3.52,32.51,100,294937,1
44786,BaP,CZ0TOPO,2009,3.26,99.18,100,294937,1
44787,BaP,CZ0TOPO,2010,3.83,96.71,100,294937,1
44788,BaP,CZ0TOPO,2011,3.38,96.71,100,294937,1
44789,BaP,CZ0TOPO,2012,3.28,99.18,100,294937,1
49240,BaP,CZ0TOPO,2013,2.95,NULL,NULL,NULL,1
44790,BaP,CZ0UMOM,2005,1.22,33.43,100,64681,1
44791,BaP,CZ0UMOM,2006,2.04,30.41,100,64681,1
44792,BaP,CZ0UMOM,2007,1.22,33.15,100,64681,1
44793,BaP,CZ0UMOM,2008,0.96,33.06,100,64681,0
44794,BaP,CZ0UMOM,2009,0.75,100.00,100,64681,0
44795,BaP,CZ0UMOM,2010,0.92,99.45,100,64681,0
44796,BaP,CZ0UMOM,2011,0.90,99.73,100,64681,0
44797,BaP,CZ0UMOM,2012,0.90,98.91,100,64681,0
44798,BaP,CZ0UUKP,2008,1.45,16.39,100,4268,1
44799,BaP,CZ0UUKP,2009,1.68,98.08,100,4268,1
44800,BaP,CZ0UUKP,2010,1.57,98.08,100,4268,1
44801,BaP,CZ0UUKP,2011,1.83,98.63,100,4268,1
44802,BaP,CZ0UUKP,2012,1.11,100.00,100,4268,1
49243,BaP,CZ0UUKP,2013,1.28,NULL,NULL,NULL,1
44803,BaP,CZ0UULK,2005,0.84,33.43,100,90584,0
44804,BaP,CZ0UULK,2006,1.25,32.06,100,90584,1
44805,BaP,CZ0UULK,2007,0.77,32.88,100,90584,0
44806,BaP,CZ0UULK,2008,0.66,32.24,100,90584,0
44807,BaP,CZ0UULK,2009,0.71,98.90,100,90584,0
44808,BaP,CZ0UULK,2010,0.63,97.53,100,90584,0
44809,BaP,CZ0UULK,2011,0.58,99.18,100,90584,0
44810,BaP,CZ0UULK,2012,0.73,100.00,100,90584,0
49244,BaP,CZ0UULK,2013,0.82,NULL,NULL,NULL,0
44811,BaP,CZ0ZZLN,2005,2.03,30.69,100,74002,1
44812,BaP,CZ0ZZLN,2006,2.40,24.38,100,74002,1
44813,BaP,CZ0ZZLN,2007,1.86,32.88,100,74002,1
44814,BaP,CZ0ZZLN,2008,1.51,29.78,100,74002,1
44815,BaP,CZ0ZZLN,2009,1.47,90.96,100,74002,1
44816,BaP,CZ0ZZLN,2010,1.65,90.96,100,74002,1
44817,BaP,CZ0ZZLN,2011,1.35,83.56,100,74002,1
44818,BaP,CZ0ZZLN,2012,2.08,83.06,100,74002,1
49251,BaP,CZ0ZZLN,2013,1.82,NULL,NULL,NULL,1
44819,BaP,DEBB045,2012,0.77,64.22,100,3911,0
44820,BaP,DEBB054,2011,0.38,27.91,100,9053,0
44821,BaP,DEBB054,2012,0.46,28.11,100,9053,0
44822,BaP,DEBB064,2008,0.74,32.24,100,99099,0
44823,BaP,DEBB087,2011,0.60,27.91,100,6550,0
44824,BaP,DEBB087,2012,0.80,27.84,100,6550,0
44825,BaP,DEBE034,2007,0.70,97.58,100,1577704,0
44826,BaP,DEBE034,2008,0.75,98.93,100,3155409,0
44827,BaP,DEBE034,2009,0.95,98.32,100,3155409,0
44828,BaP,DEBE034,2011,0.66,99.13,100,1577704,0
44829,BaP,DEBE034,2012,0.51,99.12,100,1577704,0
49255,BaP,DEBE034,2013,0.28,NULL,NULL,NULL,0
44830,BaP,DEBE051,2007,0.55,36.30,100,1577704,0
44831,BaP,DEBE051,2011,0.44,99.13,100,1577704,0
44832,BaP,DEBE051,2012,0.47,99.12,100,1577704,0
49256,BaP,DEBE051,2013,0.28,NULL,NULL,NULL,0
44833,BaP,DEBE061,2007,0.68,99.49,100,69522,0
44834,BaP,DEBE061,2008,0.56,98.93,100,69522,0
44835,BaP,DEBE061,2009,0.94,98.32,100,69522,0
44836,BaP,DEBE061,2011,0.61,99.13,100,69522,0
44837,BaP,DEBE061,2012,0.36,99.12,100,69522,0
49257,BaP,DEBE061,2013,0.35,NULL,NULL,NULL,0
44838,BaP,DEBE065,2007,0.67,99.49,100,69522,0
44839,BaP,DEBE065,2008,0.71,98.93,100,69522,0
44840,BaP,DEBE065,2009,0.82,98.32,100,69522,0
44841,BaP,DEBE065,2011,0.73,99.13,100,69522,0
44842,BaP,DEBE065,2012,0.45,99.12,100,69522,0
49258,BaP,DEBE065,2013,0.41,NULL,NULL,NULL,0
44843,BaP,DEBE067,2007,0.39,97.58,100,69522,0
44844,BaP,DEBE067,2008,0.36,98.93,100,69522,0
44845,BaP,DEBE067,2009,0.50,98.32,100,69522,0
44846,BaP,DEBE067,2011,0.49,97.23,100,69522,0
44847,BaP,DEBE067,2012,0.35,98.86,100,69522,0
49259,BaP,DEBE067,2013,0.30,NULL,NULL,NULL,0
44848,BaP,DEBW011,2008,0.44,33.33,100,18268,0
44849,BaP,DEBW011,2009,0.52,33.15,100,12179,0
44850,BaP,DEBW011,2010,0.47,33.43,100,12179,0
44851,BaP,DEBW013,2006,0.70,99.99,510,552748,0
44852,BaP,DEBW013,2007,0.49,99.99,510,552748,0
44853,BaP,DEBW013,2008,0.55,33.88,510,552748,0
44854,BaP,DEBW013,2009,0.57,33.43,510,552748,0
44855,BaP,DEBW013,2010,0.42,33.15,510,552748,0
44856,BaP,DEBW013,2011,0.31,33.43,510,552748,0
44857,BaP,DEBW013,2012,0.38,33.33,510,552748,0
49267,BaP,DEBW013,2013,0.30,NULL,NULL,NULL,0
44858,BaP,DEBW015,2007,0.57,99.99,100,7572,0
44859,BaP,DEBW015,2008,0.43,33.06,100,7572,0
44860,BaP,DEBW015,2009,0.54,33.43,100,7572,0
44861,BaP,DEBW015,2010,0.46,33.15,100,7572,0
44862,BaP,DEBW015,2011,0.36,32.88,100,3786,0
44863,BaP,DEBW019,2008,0.39,32.51,100,109220,0
44864,BaP,DEBW019,2009,0.50,33.15,100,109220,0
44865,BaP,DEBW019,2010,0.38,32.60,100,109220,0
44866,BaP,DEBW033,2008,0.51,32.51,100,7404,0
44867,BaP,DEBW033,2009,0.55,34.25,100,7404,0
44868,BaP,DEBW033,2010,0.54,33.15,100,7404,0
44869,BaP,DEBW033,2011,0.32,33.43,100,7404,0
44870,BaP,DEBW033,2012,0.32,33.33,100,7404,0
49310,BaP,DEBW033,2013,0.30,NULL,NULL,NULL,0
44871,BaP,DEBW080,2006,0.60,99.99,510,17560,0
44872,BaP,DEBW080,2008,0.60,33.61,510,17560,0
44873,BaP,DEBW080,2009,0.55,33.15,510,17560,0
44874,BaP,DEBW080,2010,0.47,33.43,510,17560,0
44875,BaP,DEBW080,2011,0.39,33.43,510,17560,0
44876,BaP,DEBW080,2012,0.41,32.79,510,17560,0
49288,BaP,DEBW080,2013,0.32,NULL,NULL,NULL,0
44877,BaP,DEBW081,2006,0.50,99.99,510,265672,0
44878,BaP,DEBW081,2008,0.48,32.24,510,265672,0
44879,BaP,DEBW081,2009,0.53,33.70,510,265672,0
44880,BaP,DEBW081,2011,0.29,33.15,510,265672,0
44881,BaP,DEBW081,2012,0.22,33.61,510,265672,0
49289,BaP,DEBW081,2013,0.22,NULL,NULL,NULL,0
44882,BaP,DEBW084,2006,0.50,99.99,510,204381,0
44883,BaP,DEBW084,2008,0.37,31.69,510,204381,0
44884,BaP,DEBW084,2009,0.45,34.52,510,204381,0
44885,BaP,DEBW084,2010,0.32,33.15,510,204381,0
44886,BaP,DEBW084,2011,0.24,33.15,510,204381,0
44887,BaP,DEBW084,2012,0.24,33.88,510,204381,0
49284,BaP,DEBW084,2013,0.22,NULL,NULL,NULL,0
44888,BaP,DEBW097,2006,0.40,99.99,510,13509,0
44889,BaP,DEBW098,2006,0.50,99.99,510,18867,0
44890,BaP,DEBW098,2008,0.43,33.88,510,18867,0
44891,BaP,DEBW098,2009,0.45,33.97,510,18867,0
44892,BaP,DEBW098,2010,0.40,33.15,510,18867,0
44893,BaP,DEBW098,2011,0.38,33.43,510,18867,0
44894,BaP,DEBW098,2012,0.39,33.33,510,18867,0
49302,BaP,DEBW098,2013,0.29,NULL,NULL,NULL,0
44895,BaP,DEBW099,2006,0.60,99.99,510,36536,0
44896,BaP,DEBW099,2008,0.50,33.33,510,18268,0
44897,BaP,DEBW099,2009,0.49,34.25,510,12179,0
44898,BaP,DEBW099,2010,0.45,33.43,510,12179,0
44899,BaP,DEBW099,2011,0.43,32.88,510,18268,0
44900,BaP,DEBW099,2012,0.39,33.61,510,18268,0
49268,BaP,DEBW099,2013,0.30,NULL,NULL,NULL,0
44901,BaP,DEBW107,2008,0.71,33.06,100,78070,0
44902,BaP,DEBW107,2009,0.77,33.43,100,78070,0
44903,BaP,DEBW107,2010,0.65,33.70,100,78070,0
44904,BaP,DEBW107,2011,0.42,32.88,100,78070,0
44905,BaP,DEBW107,2012,0.38,33.06,100,78070,0
49295,BaP,DEBW107,2013,0.28,NULL,NULL,NULL,0
44906,BaP,DEBW118,2009,0.67,100.00,100,12179,0
44907,BaP,DEBW118,2010,0.55,99.73,100,12179,0
44908,BaP,DEBW118,2011,0.47,33.15,100,18268,0
44909,BaP,DEBW118,2012,0.38,33.33,100,18268,0
49269,BaP,DEBW118,2013,0.46,NULL,NULL,NULL,0
44910,BaP,DEBW122,2008,0.54,33.33,100,13509,0
44911,BaP,DEBW122,2009,0.50,33.43,100,13509,0
44912,BaP,DEBW122,2010,0.48,33.43,100,13509,0
44913,BaP,DEBW122,2011,0.36,33.70,100,13509,0
44914,BaP,DEBW122,2012,0.38,32.79,100,13509,0
49285,BaP,DEBW122,2013,0.35,NULL,NULL,NULL,0
44915,BaP,DEBW136,2011,0.43,33.15,100,5160,0
44916,BaP,DEBW136,2012,0.40,32.79,100,5160,0
49296,BaP,DEBW136,2013,0.29,NULL,NULL,NULL,0
44917,BaP,DEBW147,2011,0.47,33.43,100,6430,0
44918,BaP,DEBW147,2012,0.45,33.61,100,6430,0
49311,BaP,DEBW147,2013,0.31,NULL,NULL,NULL,0
44919,BaP,DEBW152,2011,0.63,33.43,100,3786,0
49309,BaP,DEBW152,2013,0.42,NULL,NULL,NULL,0
44920,BaP,DEBY006,2008,0.48,83.29,100,16095,0
44921,BaP,DEBY006,2009,0.85,99.86,100,16095,0
44922,BaP,DEBY006,2010,0.82,99.86,100,16095,0
44923,BaP,DEBY006,2011,0.61,99.86,100,16095,0
44924,BaP,DEBY006,2012,0.48,99.86,100,16095,0
49286,BaP,DEBY006,2013,0.37,NULL,NULL,NULL,0
44925,BaP,DEBY033,2012,0.57,83.22,100,3769,0
44926,BaP,DEBY053,2008,0.40,83.29,100,30944,0
44927,BaP,DEBY053,2009,0.69,99.86,100,30944,0
44928,BaP,DEBY053,2010,0.72,99.86,100,30944,0
44929,BaP,DEBY053,2011,0.52,99.86,100,30944,0
44930,BaP,DEBY063,2012,0.64,83.22,100,7931,0
44931,BaP,DEBY076,2008,0.53,91.47,100,8256,0
44932,BaP,DEBY076,2009,0.70,99.86,100,8256,0
44933,BaP,DEBY076,2010,0.72,99.86,100,8256,0
44934,BaP,DEBY076,2011,0.57,99.86,100,8256,0
44935,BaP,DEBY099,2008,0.37,83.28,100,243497,0
44936,BaP,DEBY099,2009,0.60,99.86,100,243497,0
44937,BaP,DEBY099,2010,0.64,99.86,100,243497,0
44938,BaP,DEBY099,2011,0.52,99.86,100,243497,0
44939,BaP,DEBY099,2012,0.34,99.86,100,243497,0
49287,BaP,DEBY099,2013,0.41,NULL,NULL,NULL,0
44940,BaP,DEBY115,2008,0.54,50.25,100,78010,0
44941,BaP,DEBY115,2009,0.81,99.86,100,78010,0
44942,BaP,DEBY115,2010,0.83,99.86,100,78010,0
44943,BaP,DEBY115,2011,0.73,99.86,100,78010,0
44944,BaP,DEBY115,2012,0.51,99.86,100,78010,0
49262,BaP,DEBY115,2013,0.43,NULL,NULL,NULL,0
44945,BaP,DEBY119,2012,0.53,83.22,100,8256,0
49308,BaP,DEBY119,2013,0.47,NULL,NULL,NULL,0
44946,BaP,DEBY120,2012,0.58,83.22,100,30944,0
49277,BaP,DEBY120,2013,0.45,NULL,NULL,NULL,0
44947,BaP,DEHE020,2007,0.39,30.69,100,3155,0
44948,BaP,DEHE020,2008,0.48,32.24,100,3155,0
44949,BaP,DEHE020,2009,0.60,33.15,100,3155,0
44950,BaP,DEHE020,2010,0.43,32.88,100,3155,0
44951,BaP,DEHE020,2011,0.48,30.96,100,3155,0
44952,BaP,DEHE020,2012,0.51,32.51,100,3155,0
49299,BaP,DEHE020,2013,0.37,NULL,NULL,NULL,0
44953,BaP,DEHE036,2007,0.53,30.69,100,40709,0
44954,BaP,DEHE036,2008,0.56,33.33,100,40709,0
44955,BaP,DEHE036,2009,0.53,33.15,100,40709,0
44956,BaP,DEHE036,2010,0.45,32.33,100,40709,0
44957,BaP,DEHE036,2011,0.49,33.43,100,40709,0
44958,BaP,DEHE036,2012,0.43,33.06,100,40709,0
49265,BaP,DEHE036,2013,0.38,NULL,NULL,NULL,0
44959,BaP,DEHE037,2007,0.39,30.69,100,16968,0
44960,BaP,DEHE037,2008,0.40,33.33,100,16968,0
44961,BaP,DEHE037,2009,0.44,33.15,100,16968,0
44962,BaP,DEHE037,2010,0.39,33.15,100,16968,0
44963,BaP,DEHE037,2011,0.41,33.43,100,16968,0
44964,BaP,DEHE037,2012,0.31,32.24,100,16968,0
49281,BaP,DEHE037,2013,0.26,NULL,NULL,NULL,0
44965,BaP,DEHE049,2007,0.36,29.59,100,11923,0
44966,BaP,DEHE049,2008,0.43,33.06,100,11923,0
44967,BaP,DEHE049,2009,0.49,33.15,100,11923,0
44968,BaP,DEHE049,2010,0.39,33.43,100,11923,0
44969,BaP,DEHE049,2011,0.40,32.06,100,11923,0
44970,BaP,DEHE049,2012,0.35,32.51,100,11923,0
49306,BaP,DEHE049,2013,0.29,NULL,NULL,NULL,0
44971,BaP,DEHE059,2007,0.42,29.04,100,4201,0
44972,BaP,DEHE059,2008,0.51,33.33,100,4201,0
44973,BaP,DEHE059,2009,0.53,33.15,100,4201,0
44974,BaP,DEHE059,2010,0.49,30.96,100,4201,0
44975,BaP,DEHE059,2011,0.46,31.78,100,4201,0
44976,BaP,DEHE059,2012,0.41,32.79,100,4201,0
49297,BaP,DEHE059,2013,0.33,NULL,NULL,NULL,0
44977,BaP,DEHE096,2007,0.24,28.77,100,615892,0
44978,BaP,DEHE096,2008,0.27,33.33,100,615892,0
44979,BaP,DEHE096,2009,0.31,33.15,100,615892,0
44980,BaP,DEHE096,2010,0.26,33.15,100,615892,0
44981,BaP,DEHE096,2011,0.30,33.43,100,615892,0
44982,BaP,DEHE096,2012,0.26,33.06,100,615892,0
49266,BaP,DEHE096,2013,0.20,NULL,NULL,NULL,0
44983,BaP,DEHE097,2008,0.44,32.24,100,63564,0
44984,BaP,DEHE097,2009,0.45,33.15,100,63564,0
44985,BaP,DEHE097,2010,0.45,29.59,100,63564,0
44986,BaP,DEHE097,2011,0.42,32.88,100,63564,0
44987,BaP,DEHE097,2012,0.42,32.79,100,63564,0
44988,BaP,DEHH008,2007,0.13,91.46,100,1624885,0
44989,BaP,DEHH059,2009,0.17,95.21,100,1624885,0
44990,BaP,DEHH059,2010,0.18,94.66,100,1624885,0
44991,BaP,DEHH059,2011,0.17,91.11,100,1624885,0
44992,BaP,DEHH059,2012,0.18,95.49,100,1624885,0
49260,BaP,DEHH059,2013,0.16,NULL,NULL,NULL,0
44993,BaP,DEHH068,2008,0.31,88.74,100,107402,0
44994,BaP,DEHH068,2009,0.28,96.85,100,107402,0
44995,BaP,DEHH068,2010,0.30,88.37,100,107402,0
44996,BaP,DEHH068,2011,0.28,96.58,100,107402,0
44997,BaP,DEHH068,2012,0.27,96.59,100,107402,0
49261,BaP,DEHH068,2013,0.24,NULL,NULL,NULL,0
44998,BaP,DEMV002,2006,0.49,99.94,500,12362,0
44999,BaP,DEMV002,2007,0.41,66.53,500,12362,0
45000,BaP,DEMV006,2006,1.04,99.94,500,3631,1
45001,BaP,DEMV006,2007,0.70,66.53,500,3631,0
45002,BaP,DEMV006,2009,0.57,99.86,500,3631,0
45003,BaP,DEMV006,2010,0.61,49.51,500,3631,0
45004,BaP,DEMV022,2009,0.26,99.86,100,12362,0
45005,BaP,DEMV022,2010,0.44,99.86,100,12362,0
45006,BaP,DEMV022,2011,0.35,99.86,100,12362,0
45007,BaP,DEMV022,2012,0.19,99.86,100,12362,0
49294,BaP,DEMV022,2013,0.15,NULL,NULL,NULL,0
45008,BaP,DENI038,2007,0.20,53.65,100,156799,0
45009,BaP,DENI038,2008,0.21,85.68,100,156799,0
45010,BaP,DENI038,2009,0.29,92.58,100,156799,0
45011,BaP,DENI038,2011,0.33,60.37,100,156799,0
45012,BaP,DENI042,2007,0.44,26.80,100,114353,0
45013,BaP,DENI042,2008,0.18,46.10,100,114353,0
45014,BaP,DENI048,2007,0.31,61.34,100,32272,0
45015,BaP,DENI048,2008,0.43,17.70,100,32272,0
45016,BaP,DENI048,2011,0.45,99.13,100,32272,0
45017,BaP,DENI048,2012,0.37,97.48,100,32272,0
49276,BaP,DENI048,2013,0.29,NULL,NULL,NULL,0
45018,BaP,DENI054,2007,0.13,45.99,100,488247,0
45019,BaP,DENI054,2008,0.11,46.10,100,488247,0
45020,BaP,DENI067,2007,0.39,97.58,100,10364,0
45021,BaP,DENI067,2008,0.40,99.75,100,10364,0
45022,BaP,DENI067,2011,0.33,99.13,100,10364,0
45023,BaP,DENI067,2012,0.31,99.39,100,10364,0
49307,BaP,DENI067,2013,0.25,NULL,NULL,NULL,0
45024,BaP,DENI068,2008,0.86,36.53,100,7558,0
45025,BaP,DENI068,2011,0.55,99.13,100,7558,0
45026,BaP,DENI068,2012,0.47,99.39,100,7558,0
49282,BaP,DENI068,2013,0.46,NULL,NULL,NULL,0
45027,BaP,DENW008,2008,0.30,99.94,100,550090,0
45028,BaP,DENW008,2009,0.29,99.86,100,550090,0
45029,BaP,DENW008,2010,0.27,99.86,100,550090,0
45030,BaP,DENW008,2011,0.28,99.86,100,550090,0
45031,BaP,DENW008,2012,0.19,99.86,100,550090,0
49274,BaP,DENW008,2013,0.17,NULL,NULL,NULL,0
45032,BaP,DENW022,2007,0.64,49.86,100,247016,0
45033,BaP,DENW022,2008,0.56,49.73,100,247016,0
45034,BaP,DENW022,2009,0.60,99.86,100,247016,0
45035,BaP,DENW022,2010,0.39,99.86,100,247016,0
45036,BaP,DENW022,2011,0.38,99.86,100,247016,0
45037,BaP,DENW022,2012,0.21,99.86,100,247016,0
45038,BaP,DENW038,2008,0.38,99.94,100,156521,0
45039,BaP,DENW038,2009,0.30,99.86,100,156521,0
45040,BaP,DENW038,2010,0.29,99.86,100,156521,0
45041,BaP,DENW038,2011,0.25,91.38,100,156521,0
45042,BaP,DENW038,2012,0.19,99.73,100,156521,0
49283,BaP,DENW038,2013,0.16,NULL,NULL,NULL,0
45043,BaP,DENW040,2008,0.32,99.94,100,460881,0
45044,BaP,DENW040,2009,0.30,99.86,100,460881,0
45045,BaP,DENW040,2010,0.25,99.86,100,460881,0
45046,BaP,DENW040,2011,0.22,99.86,100,230440,0
45047,BaP,DENW040,2012,0.16,99.86,100,230440,0
49300,BaP,DENW040,2013,0.16,NULL,NULL,NULL,0
45048,BaP,DENW053,2008,0.25,99.94,100,922912,0
45049,BaP,DENW053,2009,0.21,99.86,100,922912,0
45050,BaP,DENW053,2010,0.21,99.86,100,922912,0
45051,BaP,DENW053,2011,0.17,99.86,100,922912,0
45052,BaP,DENW053,2012,0.16,99.86,100,922912,0
49263,BaP,DENW053,2013,0.15,NULL,NULL,NULL,0
45053,BaP,DENW067,2008,0.22,99.94,100,305113,0
45054,BaP,DENW067,2009,0.27,99.86,100,305113,0
45055,BaP,DENW067,2010,0.29,99.86,100,305113,0
45056,BaP,DENW067,2011,0.30,99.86,100,305113,0
45057,BaP,DENW067,2012,0.21,99.86,100,305113,0
49278,BaP,DENW067,2013,0.19,NULL,NULL,NULL,0
45058,BaP,DENW082,2009,0.58,32.88,100,35314,0
45059,BaP,DENW082,2010,0.44,95.89,100,35314,0
45060,BaP,DENW082,2011,0.26,96.44,100,35314,0
45061,BaP,DENW082,2012,0.19,96.72,100,35314,0
49275,BaP,DENW082,2013,0.18,NULL,NULL,NULL,0
45062,BaP,DENW100,2008,0.34,99.94,100,16041,0
45063,BaP,DENW100,2009,0.91,99.86,100,16041,0
45064,BaP,DENW100,2010,8.77,99.86,100,16041,1
45065,BaP,DENW100,2011,0.73,97.65,100,16041,0
45066,BaP,DENW100,2012,0.48,99.55,100,16041,0
49290,BaP,DENW100,2013,0.76,NULL,NULL,NULL,0
45067,BaP,DENW112,2008,0.35,99.94,100,30463,0
45068,BaP,DENW112,2009,0.32,99.86,100,30463,0
45069,BaP,DENW112,2010,0.31,99.86,100,30463,0
45070,BaP,DENW112,2011,0.26,99.86,100,30463,0
45071,BaP,DENW112,2012,0.20,99.86,100,30463,0
49301,BaP,DENW112,2013,0.19,NULL,NULL,NULL,0
45072,BaP,DENW133,2008,0.33,99.94,100,12102,0
45073,BaP,DENW189,2008,0.42,99.94,100,22041,0
45074,BaP,DENW189,2009,0.35,99.86,100,22041,0
45075,BaP,DENW189,2010,0.30,99.86,100,22041,0
45076,BaP,DENW189,2011,0.25,99.86,100,22041,0
45077,BaP,DENW189,2012,0.21,99.86,100,22041,0
49312,BaP,DENW189,2013,0.22,NULL,NULL,NULL,0
45078,BaP,DENW207,2008,0.25,99.94,100,16068,0
45079,BaP,DENW207,2009,0.26,99.86,100,16068,0
45080,BaP,DENW207,2010,0.25,99.86,100,16068,0
45081,BaP,DENW207,2011,0.23,99.86,100,16068,0
45082,BaP,DENW207,2012,0.17,99.86,100,16068,0
49305,BaP,DENW207,2013,0.18,NULL,NULL,NULL,0
45083,BaP,DENW212,2008,0.25,99.94,100,61003,0
45084,BaP,DENW212,2009,0.24,99.86,100,61003,0
45085,BaP,DENW212,2010,0.23,99.86,100,61003,0
45086,BaP,DENW212,2011,0.19,99.86,100,61003,0
45087,BaP,DENW212,2012,0.19,99.86,100,61003,0
49264,BaP,DENW212,2013,0.17,NULL,NULL,NULL,0
45088,BaP,DENW247,2009,0.19,99.86,100,559437,0
45089,BaP,DENW286,2010,0.29,45.96,100,7491,0
45090,BaP,DENW309,2011,0.22,58.56,100,230440,0
45091,BaP,DENW309,2012,0.36,33.02,100,230440,0
45092,BaP,DERP011,2007,0.20,31.78,100,12045,0
45093,BaP,DERP011,2008,0.30,43.99,100,12045,0
45094,BaP,DERP011,2009,0.52,48.49,100,12045,0
45095,BaP,DERP011,2010,0.33,45.21,100,12045,0
45096,BaP,DERP011,2011,0.37,49.32,100,12045,0
45097,BaP,DERP011,2012,0.30,48.09,100,12045,0
49291,BaP,DERP011,2013,0.21,NULL,NULL,NULL,0
45098,BaP,DESH026,2008,0.29,66.92,100,13225,0
45099,BaP,DESH026,2009,0.30,99.86,100,13225,0
45100,BaP,DESH026,2010,0.33,99.86,100,13225,0
45101,BaP,DESH026,2011,0.32,99.86,100,13225,0
45102,BaP,DESH026,2012,0.41,99.86,100,13225,0
45103,BaP,DESH027,2007,0.17,91.46,100,14260,0
45104,BaP,DESH027,2008,0.29,99.94,100,14260,0
45105,BaP,DESH033,2009,0.15,91.38,100,215734,0
45106,BaP,DESH033,2010,0.26,99.86,100,215734,0
45107,BaP,DESH033,2011,0.18,99.86,100,215734,0
45108,BaP,DESH033,2012,0.19,99.86,100,215734,0
49292,BaP,DESH033,2013,0.08,NULL,NULL,NULL,0
45109,BaP,DESL012,2008,0.35,94.02,100,167742,0
45110,BaP,DESL012,2009,0.38,98.66,100,167742,0
45111,BaP,DESL012,2010,0.42,97.27,100,167742,0
45112,BaP,DESL012,2011,0.47,97.83,100,167742,0
45113,BaP,DESL012,2012,0.41,97.56,100,167742,0
49293,BaP,DESL012,2013,0.36,NULL,NULL,NULL,0
45114,BaP,DESN011,2011,0.49,32.88,100,230659,0
45115,BaP,DESN011,2012,0.59,32.79,100,230659,0
49303,BaP,DESN011,2013,0.55,NULL,NULL,NULL,0
45116,BaP,DESN020,2006,1.39,33.43,500,3696,1
45117,BaP,DESN020,2007,0.97,32.60,500,3696,0
45118,BaP,DESN020,2008,0.88,33.06,500,3696,0
45119,BaP,DESN020,2009,0.85,33.43,500,3696,0
45120,BaP,DESN020,2010,1.24,33.15,500,3696,1
45121,BaP,DESN020,2011,1.15,32.60,500,3696,1
45122,BaP,DESN020,2012,1.28,32.79,500,3696,1
49298,BaP,DESN020,2013,1.16,NULL,NULL,NULL,1
45123,BaP,DESN025,2006,0.55,33.15,500,15532,0
45124,BaP,DESN025,2007,0.45,32.60,500,15532,0
45125,BaP,DESN025,2008,0.37,29.24,500,31064,0
45126,BaP,DESN025,2009,0.33,27.67,500,15532,0
45127,BaP,DESN025,2010,0.61,33.43,500,15532,0
45128,BaP,DESN025,2011,0.52,32.88,500,15532,0
45129,BaP,DESN025,2012,0.55,33.33,500,15532,0
49270,BaP,DESN025,2013,0.43,NULL,NULL,NULL,0
45130,BaP,DESN047,2006,0.86,33.15,500,6044,0
45131,BaP,DESN047,2007,0.69,32.88,500,6044,0
45132,BaP,DESN060,2006,0.60,33.43,500,7623,0
45133,BaP,DESN060,2007,0.54,32.60,500,7623,0
45134,BaP,DESN060,2009,0.50,32.88,500,7623,0
45135,BaP,DESN060,2010,0.62,33.43,500,7623,0
45136,BaP,DESN061,2006,0.83,31.78,500,15584,0
45137,BaP,DESN061,2007,0.63,32.88,500,15584,0
45138,BaP,DESN061,2009,0.60,32.88,500,15584,0
45139,BaP,DESN061,2010,0.75,33.43,500,15584,0
45140,BaP,DESN061,2011,0.60,32.88,500,15584,0
45141,BaP,DESN061,2012,0.82,32.79,500,15584,0
49272,BaP,DESN061,2013,0.65,NULL,NULL,NULL,0
45142,BaP,DESN077,2006,0.71,32.06,500,15532,0
45143,BaP,DESN077,2007,0.59,33.15,500,15532,0
45144,BaP,DESN077,2009,0.56,33.15,500,15532,0
45145,BaP,DESN077,2010,0.75,33.43,500,15532,0
45146,BaP,DESN077,2011,0.62,32.88,500,15532,0
45147,BaP,DESN077,2012,0.69,32.79,500,15532,0
49271,BaP,DESN077,2013,0.54,NULL,NULL,NULL,0
45148,BaP,DESN083,2006,0.78,33.43,500,7623,0
45149,BaP,DESN083,2007,0.68,32.88,500,7623,0
45150,BaP,DESN083,2009,0.61,33.15,500,7623,0
45151,BaP,DESN083,2010,0.72,33.15,500,7623,0
45152,BaP,DESN083,2011,0.69,32.60,500,15246,0
45153,BaP,DESN083,2012,0.72,33.33,500,15246,0
49304,BaP,DESN083,2013,0.66,NULL,NULL,NULL,0
45154,BaP,DESN084,2006,0.83,32.06,500,15584,0
45155,BaP,DESN084,2007,0.65,32.33,500,15584,0
45156,BaP,DESN084,2009,0.60,33.43,500,15584,0
45157,BaP,DESN084,2010,0.90,33.15,500,15584,0
45158,BaP,DESN084,2011,0.62,33.15,500,15584,0
45159,BaP,DESN084,2012,0.74,33.33,500,15584,0
49273,BaP,DESN084,2013,0.69,NULL,NULL,NULL,0
45160,BaP,DESN091,2009,0.70,33.43,100,6044,0
45161,BaP,DESN091,2010,0.80,33.43,100,6044,0
45162,BaP,DEST075,2007,0.44,27.40,100,14669,0
45163,BaP,DEST075,2008,0.41,33.06,100,14669,0
45164,BaP,DEST075,2009,0.56,32.33,100,14669,0
45165,BaP,DEST075,2010,0.53,33.43,100,14669,0
45166,BaP,DEST075,2011,0.47,33.15,100,14669,0
45167,BaP,DEST075,2012,0.24,33.06,100,14669,0
49279,BaP,DEST075,2013,0.21,NULL,NULL,NULL,0
45168,BaP,DEST076,2007,0.24,29.04,100,14212,0
45169,BaP,DEST076,2008,0.22,33.33,100,14212,0
45170,BaP,DEST076,2009,0.32,32.88,100,14212,0
45171,BaP,DEST076,2010,0.36,33.97,100,14212,0
45172,BaP,DEST076,2011,0.40,32.88,100,14212,0
45173,BaP,DEST076,2012,0.31,33.06,100,14212,0
49280,BaP,DEST076,2013,0.25,NULL,NULL,NULL,0
45174,BaP,DK0034A,2007,0.31,58.64,100,32332,0
45175,BaP,DK0034A,2008,0.38,91.53,100,32332,0
45176,BaP,DK0034A,2009,0.22,83.84,100,32332,0
45177,BaP,DK0034A,2010,0.24,72.06,100,32332,0
45178,BaP,DK0034A,2011,0.19,59.73,100,32332,0
45179,BaP,DK0034A,2012,0.24,97.54,100,32332,0
49313,BaP,DK0034A,2013,0.24,NULL,NULL,NULL,0
45180,BaP,EE0018A,2009,0.33,100.00,100,382007,0
45181,BaP,EE0018A,2010,0.32,96.99,100,382007,0
45182,BaP,EE0018A,2011,0.31,100.00,100,382007,0
49314,BaP,EE0018A,2013,0.26,NULL,NULL,NULL,0
45183,BaP,EE0021A,2012,2.62,15.30,100,92663,1
45184,BaP,EE0022A,2012,0.32,15.85,100,62479,0
49315,BaP,EE0022A,2013,0.38,NULL,NULL,NULL,0
45185,BaP,ES0041A,2010,0.15,22.19,102,18527,0
45186,BaP,ES0041A,2011,0.05,36.44,102,18527,0
45187,BaP,ES0041A,2012,0.16,22.68,102,18527,0
49327,BaP,ES0041A,2013,0.36,NULL,NULL,NULL,0
45188,BaP,ES0559A,2007,0.29,40.27,100,84676,0
45189,BaP,ES0559A,2008,0.26,59.84,100,84676,0
45190,BaP,ES0559A,2009,0.19,54.80,100,21169,0
45191,BaP,ES0559A,2010,0.20,58.63,100,21169,0
45192,BaP,ES0559A,2011,0.18,56.99,100,16935,0
45193,BaP,ES0559A,2012,0.17,91.53,100,16935,0
49316,BaP,ES0559A,2013,0.17,NULL,NULL,NULL,0
45194,BaP,ES0567A,2007,0.15,44.11,100,1512981,0
45195,BaP,ES0567A,2008,0.12,57.92,100,756491,0
45196,BaP,ES0567A,2009,0.10,55.62,100,756491,0
45197,BaP,ES0567A,2010,0.14,60.82,100,378245,0
45198,BaP,ES0567A,2011,0.09,50.41,100,378245,0
45199,BaP,ES0567A,2012,0.11,53.83,100,378245,0
49317,BaP,ES0567A,2013,0.09,NULL,NULL,NULL,0
45200,BaP,ES0691A,2009,0.16,52.60,102,21169,0
45201,BaP,ES0691A,2010,0.20,65.75,102,21169,0
45202,BaP,ES0691A,2011,0.14,90.41,102,16935,0
45203,BaP,ES0691A,2012,0.15,91.53,102,16935,0
49318,BaP,ES0691A,2013,0.14,NULL,NULL,NULL,0
49329,BaP,ES1138A,2013,0.57,NULL,NULL,NULL,0
45204,BaP,ES1225A,2012,0.38,14.48,102,6686,0
49336,BaP,ES1225A,2013,0.34,NULL,NULL,NULL,0
45205,BaP,ES1269A,2011,0.20,17.26,102,11400,0
45206,BaP,ES1393A,2011,0.07,15.62,102,9735,0
45207,BaP,ES1393A,2012,0.06,96.72,102,9735,0
49335,BaP,ES1393A,2013,0.03,NULL,NULL,NULL,0
45208,BaP,ES1396A,2009,0.11,52.60,102,21169,0
45209,BaP,ES1396A,2010,0.12,60.55,102,21169,0
45210,BaP,ES1396A,2011,0.11,59.45,102,16935,0
45211,BaP,ES1396A,2012,0.10,59.56,102,16935,0
49319,BaP,ES1396A,2013,0.10,NULL,NULL,NULL,0
45212,BaP,ES1425A,2010,0.08,14.80,102,662423,0
45213,BaP,ES1425A,2012,0.07,96.72,102,662423,0
49325,BaP,ES1425A,2013,0.03,NULL,NULL,NULL,0
45214,BaP,ES1438A,2011,0.18,78.36,102,16935,0
45215,BaP,ES1438A,2012,0.20,85.25,102,16935,0
49320,BaP,ES1438A,2013,0.19,NULL,NULL,NULL,0
45216,BaP,ES1480A,2009,0.18,52.88,102,21169,0
45217,BaP,ES1480A,2010,0.18,66.03,102,21169,0
45218,BaP,ES1480A,2011,0.16,68.49,102,16935,0
45219,BaP,ES1480A,2012,0.17,59.02,102,16935,0
49321,BaP,ES1480A,2013,0.16,NULL,NULL,NULL,0
45220,BaP,ES1492A,2010,0.10,24.66,102,11895,0
45221,BaP,ES1492A,2011,0.06,28.22,102,11895,0
45222,BaP,ES1492A,2012,0.14,14.48,102,11895,0
49326,BaP,ES1492A,2013,0.11,NULL,NULL,NULL,0
45223,BaP,ES1555A,2011,0.11,14.52,102,62171,0
45224,BaP,ES1555A,2012,0.13,15.57,102,62171,0
49331,BaP,ES1555A,2013,0.09,NULL,NULL,NULL,0
45225,BaP,ES1560A,2011,0.22,15.89,102,12653,0
45226,BaP,ES1560A,2012,0.23,96.72,102,12653,0
49332,BaP,ES1560A,2013,0.12,NULL,NULL,NULL,0
45227,BaP,ES1568A,2010,0.11,32.06,102,200644,0
45228,BaP,ES1568A,2011,0.12,32.06,102,200644,0
45229,BaP,ES1568A,2012,0.10,32.51,102,200644,0
49333,BaP,ES1568A,2013,0.13,NULL,NULL,NULL,0
45230,BaP,ES1593A,2012,0.04,40.15,102,87679,0
49330,BaP,ES1593A,2013,0.02,NULL,NULL,NULL,0
49334,BaP,ES1697A,2013,0.10,NULL,NULL,NULL,0
45231,BaP,ES1750A,2011,0.09,14.80,102,530591,0
45232,BaP,ES1750A,2012,0.11,96.72,102,530591,0
45233,BaP,ES1752A,2010,0.08,32.33,102,104657,0
45234,BaP,ES1752A,2011,0.10,32.60,102,104657,0
45235,BaP,ES1752A,2012,0.10,32.79,102,104657,0
49337,BaP,ES1752A,2013,0.13,NULL,NULL,NULL,0
45236,BaP,ES1799A,2011,0.10,16.16,102,305893,0
45237,BaP,ES1799A,2012,0.09,96.72,102,305893,0
49328,BaP,ES1799A,2013,0.06,NULL,NULL,NULL,0
45238,BaP,ES1818A,2008,0.08,16.39,102,73875,0
45239,BaP,ES1818A,2010,0.19,32.06,102,73875,0
45240,BaP,ES1852A,2010,0.09,21.92,102,378245,0
45241,BaP,ES1852A,2011,0.09,24.11,102,378245,0
45242,BaP,ES1852A,2012,0.08,74.59,102,378245,0
49322,BaP,ES1852A,2013,0.07,NULL,NULL,NULL,0
45243,BaP,ES1856A,2008,0.10,69.67,102,756491,0
45244,BaP,ES1856A,2009,0.09,64.66,102,756491,0
45245,BaP,ES1856A,2010,0.10,82.19,102,378245,0
45246,BaP,ES1856A,2011,0.08,77.26,102,378245,0
45247,BaP,ES1856A,2012,0.10,68.58,104,378245,0
49323,BaP,ES1856A,2013,0.08,NULL,NULL,NULL,0
45248,BaP,ES1900A,2010,0.13,80.55,102,378245,0
45249,BaP,ES1900A,2011,0.12,67.40,102,378245,0
45250,BaP,ES1900A,2012,0.11,75.14,102,378245,0
49324,BaP,ES1900A,2013,0.11,NULL,NULL,NULL,0
45251,BaP,FI00425,2009,0.27,96.71,100,261219,0
45252,BaP,FI00425,2010,0.30,96.70,100,261219,0
45253,BaP,FI00425,2011,0.32,100.00,100,261219,0
45254,BaP,FI00425,2012,0.25,100.00,100,261219,0
49338,BaP,FI00425,2013,0.25,NULL,NULL,NULL,0
45255,BaP,FI00781,2009,0.50,88.49,100,261219,0
45256,BaP,FI00781,2010,0.58,88.48,100,261219,0
45257,BaP,FI00781,2011,0.70,100.00,100,261219,0
45258,BaP,FI00781,2012,0.55,100.00,100,261219,0
49339,BaP,FI00781,2013,0.69,NULL,NULL,NULL,0
45259,BaP,FI00852,2011,1.18,100.00,100,182191,1
45260,BaP,FR03006,2012,0.57,34.15,512,43340,0
49355,BaP,FR03006,2013,0.42,NULL,NULL,NULL,0
45261,BaP,FR03029,2009,0.30,100.00,100,334139,0
45262,BaP,FR03043,2009,0.25,100.00,100,988554,0
45263,BaP,FR03043,2012,0.22,15.03,100,988554,0
49356,BaP,FR03043,2013,0.24,NULL,NULL,NULL,0
45264,BaP,FR03062,2009,0.44,100.00,100,398881,0
45265,BaP,FR03062,2012,0.26,15.30,100,398881,0
49340,BaP,FR04037,2013,0.20,NULL,NULL,NULL,0
45266,BaP,FR05074,2009,0.10,100.00,100,232019,0
45267,BaP,FR05074,2011,0.08,100.00,100,232019,0
45268,BaP,FR05074,2012,0.11,42.62,100,232019,0
49351,BaP,FR06006,2013,0.26,NULL,NULL,NULL,0
45269,BaP,FR07006,2009,0.45,100.00,100,262696,0
45270,BaP,FR08016,2009,0.35,100.00,100,382128,0
45271,BaP,FR09104,2012,0.27,18.32,512,4286,0
45272,BaP,FR09202,2012,0.15,19.13,512,6046,0
49345,BaP,FR11034,2013,0.40,NULL,NULL,NULL,0
45273,BaP,FR12030,2009,0.22,100.00,100,654874,0
45274,BaP,FR12030,2012,0.08,100.00,100,654874,0
45275,BaP,FR12052,2012,0.34,100.00,512,70129,0
49354,BaP,FR12052,2013,0.23,NULL,NULL,NULL,0
45276,BaP,FR15039,2012,0.39,15.57,512,16261,0
49349,BaP,FR15039,2013,0.38,NULL,NULL,NULL,0
45277,BaP,FR15043,2010,0.37,100.00,1,370914,0
45278,BaP,FR15043,2011,0.41,100.00,1,370914,0
45279,BaP,FR15043,2012,0.38,16.12,1,370914,0
49350,BaP,FR15043,2013,0.39,NULL,NULL,NULL,0
45280,BaP,FR16034,2012,0.28,16.67,512,19503,0
49343,BaP,FR16034,2013,0.39,NULL,NULL,NULL,0
49353,BaP,FR16066,2013,0.41,NULL,NULL,NULL,0
49347,BaP,FR19002,2013,0.11,NULL,NULL,NULL,0
45281,BaP,FR19012,2012,0.18,100.00,512,198691,0
45282,BaP,FR20062,2009,0.35,100.00,100,1191963,0
45283,BaP,FR20062,2010,0.34,100.00,100,595981,0
45284,BaP,FR20062,2011,0.41,100.00,100,595981,0
45285,BaP,FR20062,2012,0.27,16.12,100,595981,0
49341,BaP,FR20062,2013,0.17,NULL,NULL,NULL,0
45286,BaP,FR20063,2011,0.38,100.00,1,52257,0
45287,BaP,FR20067,2010,0.54,100.00,1,595981,0
45288,BaP,FR20067,2011,1.02,100.00,1,595981,1
45289,BaP,FR20067,2012,0.61,31.97,1,595981,0
49342,BaP,FR20067,2013,0.53,NULL,NULL,NULL,0
45290,BaP,FR25036,2009,0.30,100.00,100,458574,0
45291,BaP,FR25036,2011,0.24,100.00,100,458574,0
45292,BaP,FR25036,2012,0.28,42.62,100,458574,0
45293,BaP,FR28002,2010,0.49,100.00,1,231571,0
45294,BaP,FR28002,2011,0.31,100.00,1,231571,0
49357,BaP,FR28131,2013,0.22,NULL,NULL,NULL,0
45295,BaP,FR29424,2012,0.22,16.12,512,355368,0
49346,BaP,FR29424,2013,0.23,NULL,NULL,NULL,0
45296,BaP,FR30036,2009,0.15,100.00,100,10656,0
45297,BaP,FR31002,2012,0.44,16.94,512,668846,0
49344,BaP,FR31002,2013,0.23,NULL,NULL,NULL,0
45298,BaP,FR32001,2012,0.45,14.21,512,4321,0
45299,BaP,FR33201,2012,0.46,30.87,512,128522,0
45300,BaP,FR34014,2009,0.48,100.00,100,255430,0
45301,BaP,FR34014,2012,0.11,97.81,100,255430,0
45302,BaP,FR34024,2012,0.08,85.25,512,262324,0
49352,BaP,FR34024,2013,0.15,NULL,NULL,NULL,0
45303,BaP,FR34025,2009,0.11,100.00,100,262324,0
45304,BaP,FR39007,2012,0.13,15.31,512,105395,0
45305,BaP,FR82006,2012,0.29,76.23,512,165731,0
49348,BaP,FR82006,2013,0.31,NULL,NULL,NULL,0
45306,BaP,GB0568A,2001,0.11,99.99,100,252031,0
45307,BaP,GB0568A,2002,0.12,99.99,100,252031,0
45308,BaP,GB0568A,2003,0.10,74.78,100,252031,0
45309,BaP,GB0568A,2007,0.14,61.06,100,252031,0
45310,BaP,GB0568A,2008,0.35,49.66,100,252031,0
45311,BaP,GB0568A,2009,0.15,99.86,100,252031,0
45312,BaP,GB0568A,2010,0.22,100.00,100,126016,0
45313,BaP,GB0568A,2010,0.16,100.00,100,126016,0
45314,BaP,GB0568A,2011,0.18,100.00,100,252031,0
45315,BaP,GB0568A,2012,0.14,100.00,100,252031,0
49453,BaP,GB0568A,2013,0.13,NULL,NULL,NULL,0
45316,BaP,GB0641A,2009,0.19,99.86,100,531762,0
45317,BaP,GB0641A,2010,0.25,100.00,100,265881,0
45318,BaP,GB0641A,2010,0.24,100.00,100,265881,0
45319,BaP,GB0641A,2011,0.19,100.00,100,531762,0
45320,BaP,GB0641A,2012,0.12,100.00,100,531762,0
45321,BaP,GB0682A,2008,0.46,41.20,100,215766,0
45322,BaP,GB0682A,2009,0.24,99.86,100,215766,0
45323,BaP,GB0682A,2010,0.24,100.00,100,107883,0
45324,BaP,GB0682A,2010,0.25,100.00,100,107883,0
45325,BaP,GB0682A,2011,0.22,100.00,100,215766,0
45326,BaP,GB0682A,2012,0.22,100.00,100,215766,0
49446,BaP,GB0682A,2013,0.22,NULL,NULL,NULL,0
45327,BaP,GB0706A,1999,0.74,75.34,100,120816,0
45328,BaP,GB0706A,2000,0.95,99.99,100,120816,0
45329,BaP,GB0706A,2001,0.94,99.99,100,120816,0
45330,BaP,GB0706A,2002,0.65,99.99,100,120816,0
45331,BaP,GB0706A,2003,0.96,99.99,100,120816,0
45332,BaP,GB0706A,2004,1.50,24.85,100,120816,1
45333,BaP,GB0706A,2009,0.90,99.86,100,120816,0
45334,BaP,GB0706A,2010,1.24,100.00,100,60408,1
45335,BaP,GB0706A,2010,1.44,100.00,100,60408,1
45336,BaP,GB0706A,2011,0.86,100.00,100,120816,0
45337,BaP,GB0706A,2012,0.58,100.00,100,120816,0
45338,BaP,GB0707A,1991,0.00,75.35,100,7008682,0
45339,BaP,GB0707A,1992,0.00,100.00,100,7008682,0
45340,BaP,GB0707A,1993,0.00,100.00,100,7008682,0
45341,BaP,GB0707A,1994,0.00,100.00,100,7008682,0
45342,BaP,GB0707A,1995,0.00,100.00,100,7008682,0
45343,BaP,GB0707A,1996,0.00,100.00,100,7008682,0
45344,BaP,GB0707A,1997,0.00,100.00,100,7008682,0
45345,BaP,GB0707A,1998,0.00,24.65,100,3504341,0
45346,BaP,GB0708A,1991,1.63,75.33,100,435071,1
45347,BaP,GB0708A,1992,1.56,99.98,100,435071,1
45348,BaP,GB0708A,1993,0.78,99.98,100,435071,0
45349,BaP,GB0708A,1994,0.79,99.98,100,435071,0
45350,BaP,GB0708A,1995,0.37,99.98,100,435071,0
45351,BaP,GB0708A,1996,0.47,99.99,100,435071,0
45352,BaP,GB0708A,1997,0.81,99.99,100,435071,0
45353,BaP,GB0708A,1998,0.47,99.99,100,435071,0
45354,BaP,GB0708A,1999,0.15,99.99,100,435071,0
45355,BaP,GB0708A,2000,0.24,99.99,100,435071,0
45356,BaP,GB0708A,2001,0.33,99.99,100,435071,0
45357,BaP,GB0708A,2002,0.17,99.99,100,435071,0
45358,BaP,GB0708A,2003,0.20,74.78,100,435071,0
45359,BaP,GB0708A,2008,0.08,99.99,100,435071,0
45360,BaP,GB0708A,2009,0.08,99.95,100,435071,0
