countryID,countryName,pollutantID,year,concentration,population,totStations,excStations,totStationsPop,excStationsPop
AT,Austria,BaP,2000,0.720000,8011566,1,0,9430,0
AT,Austria,BaP,2001,0.460000,8032875,1,0,9430,0
AT,Austria,BaP,2002,0.870000,8083797,1,0,9430,0
AT,Austria,BaP,2003,1.240000,8111871,1,1,9430,9430
AT,Austria,BaP,2005,0.880000,8201359,1,0,9430,0
AT,Austria,BaP,2006,1.877500,8254298,4,4,333076,333076
AT,Austria,BaP,2007,1.171250,8282984,8,4,677978,429920
AT,Austria,BaP,2008,1.012500,8318592,8,5,677978,560313
AT,Austria,BaP,2009,1.285714,8355260,7,5,540071,434293
AT,Austria,BaP,2010,1.290000,8389507,10,8,683945,536608
AT,Austria,BaP,2011,1.228000,8419045,10,6,683945,430830
AT,Austria,BaP,2012,0.952000,8440840,10,2,683945,238005
AT,Austria,BaP,2013,0.764444,8451860,9,1,NULL,0
AT,Austria,NO2,1985,0.060000,NULL,1,0,173852,0
AT,Austria,NO2,1988,46.350000,NULL,11,7,1659878,481989
AT,Austria,NO2,1989,49.779412,NULL,17,12,1659873,616780
AT,Austria,NO2,1990,42.458214,NULL,28,14,2087087,475962
AT,Austria,NO2,1991,40.443448,7795786,29,13,2093054,328610
AT,Austria,NO2,1992,38.399643,7867796,28,10,2093050,168164
AT,Austria,NO2,1993,38.482000,7962003,30,10,2093055,434155
AT,Austria,NO2,1994,34.341875,8015027,32,8,2093056,106393
AT,Austria,NO2,1995,34.105758,8039865,33,6,2093055,55270
AT,Austria,NO2,1996,34.463611,8054802,36,8,2196683,323155
AT,Austria,NO2,1997,34.413824,8067812,34,8,2196679,293195
AT,Austria,NO2,1998,34.253143,8075425,35,8,2196684,97905
AT,Austria,NO2,1999,32.592059,7992323,34,8,2093052,89136
AT,Austria,NO2,2000,32.691143,8011566,35,6,2108919,59802
AT,Austria,NO2,2001,32.692857,8032875,35,6,2108919,94457
AT,Austria,NO2,2002,33.483889,8083797,36,7,2246826,106210
AT,Austria,NO2,2003,36.992647,8111871,34,10,2246827,127882
AT,Austria,NO2,2004,34.041429,8140122,35,9,2246827,69872
AT,Austria,NO2,2005,36.315588,8201359,34,11,2246827,131844
AT,Austria,NO2,2006,37.868485,8254298,33,10,2246829,129864
AT,Austria,NO2,2007,34.845294,8282984,34,9,2246829,118388
AT,Austria,NO2,2008,34.172727,8318592,33,8,2246828,115404
AT,Austria,NO2,2009,33.003235,8355260,34,8,2246827,111449
AT,Austria,NO2,2010,34.293529,8389507,34,9,2246826,61372
AT,Austria,NO2,2011,33.650556,8419045,36,9,2437730,63921
AT,Austria,NO2,2012,31.733611,8440840,36,7,2437730,48625
AT,Austria,NO2,2013,30.661667,8451860,36,7,NULL,0
AT,Austria,O3,1986,117.440000,NULL,1,0,173852,0
AT,Austria,O3,1987,115.550000,NULL,1,0,173852,0
AT,Austria,O3,1988,113.280000,NULL,1,0,173852,0
AT,Austria,O3,1989,115.825000,NULL,2,1,180938,7086
AT,Austria,O3,1990,122.750000,NULL,2,1,180938,7086
AT,Austria,O3,1991,114.270000,7795786,3,1,186905,5967
AT,Austria,O3,1992,128.411818,7867796,11,9,2053222,1736734
AT,Austria,O3,1993,124.832308,7962003,13,9,2156854,1427332
AT,Austria,O3,1994,131.121429,8015027,14,13,2166284,2159198
AT,Austria,O3,1995,123.333333,8039865,15,9,2166286,1302567
AT,Austria,O3,1996,119.020000,8054802,15,7,2166286,1108203
AT,Austria,O3,1997,115.684667,8067812,15,6,2166286,1102236
AT,Austria,O3,1998,122.247857,8075425,14,8,2166284,1351145
AT,Austria,O3,1999,115.789333,7992323,15,4,2166286,483432
AT,Austria,O3,2000,128.365000,8011566,14,12,2166284,2149768
AT,Austria,O3,2001,126.221250,8032875,16,12,2166286,1675946
AT,Austria,O3,2002,122.881765,8083797,17,12,2304193,1585410
AT,Austria,O3,2003,137.584667,8111871,15,15,2304191,2304191
AT,Austria,O3,2004,113.555625,8140122,16,3,2304193,676814
AT,Austria,O3,2005,118.941875,8201359,16,7,2304193,983735
AT,Austria,O3,2006,121.875625,8254298,16,11,2304193,1495021
AT,Austria,O3,2007,121.820000,8282984,16,10,2304193,1866319
AT,Austria,O3,2008,113.263750,8318592,16,2,2304193,367412
AT,Austria,O3,2009,115.157500,8355260,16,3,2304193,454681
AT,Austria,O3,2010,116.921333,8389507,15,5,2304191,715556
AT,Austria,O3,2011,117.099375,8419045,16,5,2298225,527066
AT,Austria,O3,2012,115.164375,8440840,16,4,2298225,469056
AT,Austria,O3,2013,118.511250,8451860,16,6,NULL,0
AT,Austria,PM10,2000,45.000000,8011566,2,0,183282,0
AT,Austria,PM10,2001,56.166429,8032875,14,10,456127,443155
AT,Austria,PM10,2002,58.146316,8083797,19,14,2246822,512155
AT,Austria,PM10,2003,63.198000,8111871,25,23,2246824,2105774
AT,Austria,PM10,2004,52.197097,8140122,31,18,2246823,506467
AT,Austria,PM10,2005,59.340000,8201359,36,31,2246823,1587119
AT,Austria,PM10,2006,61.970882,8254298,34,30,2246821,1315472
AT,Austria,PM10,2007,48.156842,8282984,38,15,2246823,561835
AT,Austria,PM10,2008,46.045135,8318592,37,11,2246822,194517
AT,Austria,PM10,2009,44.539231,8355260,39,9,2246824,131927
AT,Austria,PM10,2010,52.266452,8389507,31,18,2246822,1108760
AT,Austria,PM10,2011,52.990263,8419045,38,22,2334087,1483326
AT,Austria,PM10,2012,44.035333,8440840,30,3,2334093,29088
AT,Austria,PM10,2013,45.218636,8451860,22,3,NULL,0
AT,Austria,PM2.5,2005,23.576000,8201359,5,1,302114,9430
AT,Austria,PM2.5,2006,25.654000,8254298,5,3,302114,189249
AT,Austria,PM2.5,2007,20.644286,8282984,7,1,534151,232038
AT,Austria,PM2.5,2008,17.967143,8318592,7,0,672059,0
AT,Austria,PM2.5,2009,18.156667,8355260,9,0,672058,0
AT,Austria,PM2.5,2010,20.009000,8389507,10,0,687924,0
AT,Austria,PM2.5,2011,19.570000,8419045,14,1,2300374,116019
AT,Austria,PM2.5,2012,16.273125,8440840,16,0,2318228,0
AT,Austria,PM2.5,2013,16.983750,8451860,16,0,NULL,0
BE,Belgium,BaP,2006,0.326250,10511382,8,0,1037757,0
BE,Belgium,BaP,2007,0.390000,10584534,7,0,1037757,0
BE,Belgium,BaP,2008,0.340000,10666866,7,0,703235,0
BE,Belgium,BaP,2009,0.262500,10753080,8,0,780678,0
BE,Belgium,BaP,2010,0.265000,10839905,8,0,1145289,0
BE,Belgium,BaP,2011,0.273333,11000638,9,0,806046,0
BE,Belgium,BaP,2012,0.213750,11094850,8,0,1252819,0
BE,Belgium,BaP,2013,0.237500,11161642,8,0,NULL,0
BE,Belgium,NO2,1990,48.837500,NULL,4,4,658517,658517
BE,Belgium,NO2,1991,48.768333,9986975,6,5,1602881,1387819
BE,Belgium,NO2,1992,43.432857,10021997,7,4,1602881,123525
BE,Belgium,NO2,1993,39.802857,10068319,7,4,1267885,551042
BE,Belgium,NO2,1994,40.470000,10100631,7,4,1587815,443455
BE,Belgium,NO2,1995,42.931250,10130574,8,4,1602881,123525
BE,Belgium,NO2,1996,44.394286,10143047,7,4,1587815,323521
BE,Belgium,NO2,1997,43.208750,10170226,8,5,1602881,338587
BE,Belgium,NO2,1998,39.536250,10192264,8,3,1602881,86393
BE,Belgium,NO2,1999,40.574000,10213752,10,5,1791415,123526
BE,Belgium,NO2,2000,38.271818,10239085,11,3,1791415,83705
BE,Belgium,NO2,2001,38.206000,10263414,10,3,1791414,108459
BE,Belgium,NO2,2002,37.716154,10309725,13,5,1540902,108459
BE,Belgium,NO2,2003,42.408000,10355844,15,10,1875899,803238
BE,Belgium,NO2,2004,39.144000,10396421,15,7,1875899,123526
BE,Belgium,NO2,2005,38.826250,10445852,16,6,1875899,108673
BE,Belgium,NO2,2006,37.595625,10511382,16,5,2303801,104959
BE,Belgium,NO2,2007,37.915625,10584534,16,6,2303801,123525
BE,Belgium,NO2,2008,36.062941,10666866,17,5,2303802,93607
BE,Belgium,NO2,2009,35.872353,10753080,17,4,2303802,78754
BE,Belgium,NO2,2010,36.392500,10839905,16,5,2303800,93607
BE,Belgium,NO2,2011,34.600625,11000638,16,3,2303800,63901
BE,Belgium,NO2,2012,34.512778,11094850,18,4,2303803,63902
BE,Belgium,NO2,2013,34.730000,11161642,17,4,NULL,0
BE,Belgium,O3,1992,107.130000,10021997,1,0,929298,0
BE,Belgium,O3,1993,106.005000,10068319,2,0,929298,0
BE,Belgium,O3,1994,91.453333,10100631,3,2,1264294,929298
BE,Belgium,O3,1995,157.750000,10130574,2,2,929298,929298
BE,Belgium,O3,1996,108.336667,10143047,3,0,1144360,0
BE,Belgium,O3,1997,114.092000,10170226,5,2,1367088,929298
BE,Belgium,O3,1998,98.576667,10192264,6,0,1742153,0
BE,Belgium,O3,1999,110.842500,10213752,8,1,1826635,464649
BE,Belgium,O3,2000,87.137778,10239085,9,0,1860830,0
BE,Belgium,O3,2001,111.553333,10263414,9,2,1860830,929298
BE,Belgium,O3,2002,92.634545,10309725,11,0,1860831,0
BE,Belgium,O3,2003,125.954545,10355844,11,8,1860831,1777126
BE,Belgium,O3,2004,102.866364,10396421,11,0,1860831,0
BE,Belgium,O3,2005,101.957500,10445852,12,0,1860831,0
BE,Belgium,O3,2006,122.636364,10511382,11,6,1860830,1500391
BE,Belgium,O3,2007,95.722727,10584534,11,0,1860830,0
BE,Belgium,O3,2008,102.700833,10666866,12,1,1860831,24755
BE,Belgium,O3,2009,99.684167,10753080,12,0,1860831,0
BE,Belgium,O3,2010,95.235000,10839905,12,0,1860831,0
BE,Belgium,O3,2011,99.392500,11000638,12,0,1860831,0
BE,Belgium,O3,2012,91.015000,11094850,12,0,1860831,0
BE,Belgium,O3,2013,97.582500,11161642,12,0,NULL,0
BE,Belgium,PM10,1996,87.000000,10143047,2,2,249257,249257
BE,Belgium,PM10,1997,75.800000,10170226,5,5,1267885,1267885
BE,Belgium,PM10,1998,67.600000,10192264,5,5,1267885,1267885
BE,Belgium,PM10,1999,57.714286,10213752,7,6,1791414,862116
BE,Belgium,PM10,2000,52.555556,10239085,9,7,1791414,1171882
BE,Belgium,PM10,2001,56.000000,10263414,8,7,1776348,1466582
BE,Belgium,PM10,2002,55.000000,10309725,10,9,1791414,1481648
BE,Belgium,PM10,2003,62.636364,10355844,11,10,1857745,1547979
BE,Belgium,PM10,2004,53.727273,10396421,11,8,2285647,1341283
BE,Belgium,PM10,2005,50.833333,10445852,12,6,2030785,607317
BE,Belgium,PM10,2006,53.369167,10511382,12,9,2030785,1064355
BE,Belgium,PM10,2007,46.990000,10584534,13,4,2115267,645889
BE,Belgium,PM10,2008,41.972941,10666866,17,2,2288732,346898
BE,Belgium,PM10,2009,48.369500,10753080,20,6,2303798,1045701
BE,Belgium,PM10,2010,45.648947,10839905,19,4,2303798,416059
BE,Belgium,PM10,2011,49.665789,11000638,19,10,2303798,902580
BE,Belgium,PM10,2012,46.868095,11094850,21,3,2303799,366543
BE,Belgium,PM10,2013,42.958421,11161642,19,2,NULL,0
BE,Belgium,PM2.5,2000,14.460000,10239085,1,0,929298,0
BE,Belgium,PM2.5,2001,15.365000,10263414,2,0,1003562,0
BE,Belgium,PM2.5,2002,15.725000,10309725,2,0,1003562,0
BE,Belgium,PM2.5,2003,16.830000,10355844,3,0,1029824,0
BE,Belgium,PM2.5,2004,15.056667,10396421,3,0,1029824,0
BE,Belgium,PM2.5,2005,15.010000,10445852,1,0,929298,0
BE,Belgium,PM2.5,2006,19.342500,10511382,4,0,1037757,0
BE,Belgium,PM2.5,2007,20.800000,10584534,4,0,1037757,0
BE,Belgium,PM2.5,2008,19.255000,10666866,10,0,1645767,0
BE,Belgium,PM2.5,2009,18.352000,10753080,15,0,2412699,0
BE,Belgium,PM2.5,2010,18.104000,10839905,15,0,2412698,0
BE,Belgium,PM2.5,2011,17.816923,11000638,13,1,2412700,74264
BE,Belgium,PM2.5,2012,15.822632,11094850,19,0,2412699,0
BE,Belgium,PM2.5,2013,16.467778,11161642,18,0,NULL,0
BG,Bulgaria,BaP,2006,1.805000,7679290,2,1,261320,75466
BG,Bulgaria,BaP,2007,0.420000,7640238,1,0,185854,0
BG,Bulgaria,BaP,2008,1.345000,7606551,4,2,446322,151299
BG,Bulgaria,BaP,2009,2.428000,7563710,5,3,448216,153193
BG,Bulgaria,BaP,2010,2.700000,7563710,2,1,261687,75833
BG,Bulgaria,BaP,2011,6.155000,7504868,4,2,383208,88185
BG,Bulgaria,BaP,2012,2.173333,7327224,6,4,788128,301874
BG,Bulgaria,BaP,2013,1.797500,7284552,8,5,NULL,0
BG,Bulgaria,NO2,1998,3.110000,8283200,1,0,11218,0
BG,Bulgaria,NO2,1999,8.295000,8230371,2,0,341980,0
BG,Bulgaria,NO2,2001,20.166667,7928901,3,0,402311,0
BG,Bulgaria,NO2,2003,36.836667,7863300,3,1,1111566,554374
BG,Bulgaria,NO2,2004,32.363333,7789710,6,1,1483732,41406
BG,Bulgaria,NO2,2005,25.714000,7718750,10,2,1895054,410988
BG,Bulgaria,NO2,2006,32.550000,7679290,10,2,1712018,410988
BG,Bulgaria,NO2,2007,29.467000,7640238,10,1,1712018,41406
BG,Bulgaria,NO2,2008,31.038182,7606551,11,2,1897872,410988
BG,Bulgaria,NO2,2009,32.584375,7563710,16,4,2167773,423340
BG,Bulgaria,NO2,2010,29.420000,7563710,17,2,2468173,33055
BG,Bulgaria,NO2,2011,28.209444,7504868,18,3,2468173,402637
BG,Bulgaria,NO2,2012,25.866111,7327224,18,2,2468173,33055
BG,Bulgaria,NO2,2013,25.228235,7284552,17,1,NULL,0
BG,Bulgaria,O3,1998,66.020000,8283200,2,0,212035,0
BG,Bulgaria,O3,1999,48.533333,8230371,3,0,1499840,0
BG,Bulgaria,O3,2000,54.060000,8190876,1,0,60331,0
BG,Bulgaria,O3,2001,53.840000,7928901,4,0,1511058,0
BG,Bulgaria,O3,2003,97.313333,7863300,3,1,1119966,11218
BG,Bulgaria,O3,2004,90.746000,7789710,5,0,1504874,0
BG,Bulgaria,O3,2005,95.242500,7718750,8,0,1853650,0
BG,Bulgaria,O3,2006,96.220000,7679290,8,1,1853650,185854
BG,Bulgaria,O3,2007,106.680000,7640238,8,2,1853650,516616
BG,Bulgaria,O3,2008,107.897000,7606551,10,1,1853648,330762
BG,Bulgaria,O3,2009,109.211538,7563710,13,2,2043434,106414
BG,Bulgaria,O3,2010,106.082308,7563710,13,2,2043434,106414
BG,Bulgaria,O3,2011,104.247692,7504868,13,1,2043434,41406
BG,Bulgaria,O3,2012,116.559231,7327224,13,5,2043434,958462
BG,Bulgaria,O3,2013,105.914167,7284552,12,1,NULL,0
BG,Bulgaria,PM10,1998,0.000000,8283200,1,0,60331,0
BG,Bulgaria,PM10,2000,79.100000,8190876,2,2,1111565,1111565
BG,Bulgaria,PM10,2001,37.500000,7928901,2,0,188672,0
BG,Bulgaria,PM10,2003,114.540000,7863300,5,5,1442326,1442326
BG,Bulgaria,PM10,2004,106.560000,7789710,5,5,1483734,1483734
BG,Bulgaria,PM10,2005,91.300000,7718750,10,9,1901791,1808864
BG,Bulgaria,PM10,2006,101.792667,7679290,15,14,2271071,2178144
BG,Bulgaria,PM10,2007,85.081333,7640238,15,15,2358124,2358124
BG,Bulgaria,PM10,2008,104.245882,7606551,17,17,2493518,2493518
BG,Bulgaria,PM10,2009,93.672000,7563710,25,24,2612745,2607712
BG,Bulgaria,PM10,2010,87.757308,7563710,26,26,2913145,2913145
BG,Bulgaria,PM10,2011,110.325769,7504868,26,26,2913145,2913145
BG,Bulgaria,PM10,2012,79.313846,7327224,26,23,2851668,2773466
BG,Bulgaria,PM10,2013,80.047826,7284552,23,23,NULL,NULL
BG,Bulgaria,PM2.5,2006,44.680000,7679290,1,1,75466,75466
BG,Bulgaria,PM2.5,2007,41.240000,7640238,1,1,75466,75466
BG,Bulgaria,PM2.5,2008,41.520000,7606551,1,1,75466,75466
BG,Bulgaria,PM2.5,2009,27.172000,7563710,5,3,1533933,273482
BG,Bulgaria,PM2.5,2010,27.788571,7563710,7,5,1875913,1729921
BG,Bulgaria,PM2.5,2011,33.571429,7504868,7,5,1875913,1729921
BG,Bulgaria,PM2.5,2012,26.191667,7327224,6,4,1812671,1666679
BG,Bulgaria,PM2.5,2013,27.034000,7284552,5,4,NULL,0
CH,Switzerland,BaP,2006,0.550000,7576924,3,0,371925,0
CH,Switzerland,BaP,2007,0.400000,7638663,3,0,371925,0
CH,Switzerland,BaP,2008,0.370000,7709274,3,0,371925,0
CH,Switzerland,BaP,2009,0.382500,7801278,4,0,377511,0
CH,Switzerland,BaP,2010,0.312500,7877571,4,0,377511,0
CH,Switzerland,BaP,2011,0.262500,7870134,4,0,377511,0
CH,Switzerland,BaP,2012,0.230000,7954662,4,0,377511,0
CH,Switzerland,BaP,2013,0.200000,8039060,4,0,NULL,0
CH,Switzerland,NO2,1991,63.146667,6909758,3,3,173044,173044
CH,Switzerland,NO2,1992,53.120625,6946903,16,15,832115,743660
CH,Switzerland,NO2,1993,48.490000,6985083,17,14,938246,740238
CH,Switzerland,NO2,1994,48.012941,7024260,17,14,938246,740238
CH,Switzerland,NO2,1995,46.480588,7064394,17,13,938246,418418
CH,Switzerland,NO2,1996,46.520000,7105446,17,13,938246,418418
CH,Switzerland,NO2,1997,46.464375,7147532,16,13,773854,575846
CH,Switzerland,NO2,1998,44.896875,7191392,16,12,934888,578157
CH,Switzerland,NO2,1999,43.305294,7237920,17,10,998681,254027
CH,Switzerland,NO2,2000,40.999412,7288010,17,8,998681,39581
CH,Switzerland,NO2,2001,37.955294,7341748,17,5,998681,29840
CH,Switzerland,NO2,2002,38.229412,7395982,17,5,998681,29840
CH,Switzerland,NO2,2003,41.255000,7446753,16,7,998681,205011
CH,Switzerland,NO2,2004,38.073529,7490098,17,5,998681,26564
CH,Switzerland,NO2,2005,38.640000,7527525,14,4,932578,21371
CH,Switzerland,NO2,2006,41.196667,7576924,15,6,890240,34166
CH,Switzerland,NO2,2007,38.210000,7638663,14,4,890240,21371
CH,Switzerland,NO2,2008,37.494375,7709274,16,5,890239,29840
CH,Switzerland,NO2,2009,35.461429,7801278,14,2,890239,11459
CH,Switzerland,NO2,2010,35.908000,7877571,15,3,890239,19928
CH,Switzerland,NO2,2011,36.476429,7870134,14,4,826446,25514
CH,Switzerland,NO2,2012,34.947857,7954662,14,4,826446,25514
CH,Switzerland,NO2,2013,35.247143,8039060,14,4,NULL,0
CH,Switzerland,O3,1991,139.150000,6909758,3,2,173044,168718
CH,Switzerland,O3,1992,110.725000,6946903,14,5,823463,540886
CH,Switzerland,O3,1993,105.386875,6985083,16,4,929892,474156
CH,Switzerland,O3,1994,117.130000,7024260,15,7,929892,574502
CH,Switzerland,O3,1995,113.085625,7064394,16,6,929892,571080
CH,Switzerland,O3,1996,109.834375,7105446,16,4,929892,532417
CH,Switzerland,O3,1997,106.993750,7147532,16,3,929892,368025
CH,Switzerland,O3,1998,120.110667,7191392,15,5,926534,379599
CH,Switzerland,O3,1999,108.935625,7237920,16,2,990327,46205
CH,Switzerland,O3,2000,112.351250,7288010,16,4,990327,371447
CH,Switzerland,O3,2001,114.850625,7341748,16,6,990327,566033
CH,Switzerland,O3,2002,111.697500,7395982,16,4,990327,560301
CH,Switzerland,O3,2003,135.508000,7446753,15,11,990327,972984
CH,Switzerland,O3,2004,112.431875,7490098,16,2,990327,46205
CH,Switzerland,O3,2005,112.112143,7527525,14,2,988017,365715
CH,Switzerland,O3,2006,121.182857,7576924,14,6,881886,539434
CH,Switzerland,O3,2007,111.354286,7638663,14,4,881885,454169
CH,Switzerland,O3,2008,108.535333,7709274,15,2,881885,43894
CH,Switzerland,O3,2009,111.699231,7801278,13,2,881885,43894
CH,Switzerland,O3,2010,120.810714,7877571,14,4,881885,454169
CH,Switzerland,O3,2011,115.999231,7870134,13,3,818092,365714
CH,Switzerland,O3,2012,114.254615,7954662,13,2,818092,43894
CH,Switzerland,O3,2013,119.975385,8039060,13,3,NULL,0
CH,Switzerland,PM10,1994,49.470000,7024260,1,0,3358,0
CH,Switzerland,PM10,1995,58.470000,7064394,1,1,3358,3358
CH,Switzerland,PM10,1996,61.640000,7105446,1,1,3358,3358
CH,Switzerland,PM10,1997,61.685000,7147532,6,5,539592,536234
CH,Switzerland,PM10,1998,55.212500,7191392,8,4,561526,67043
CH,Switzerland,PM10,1999,49.298750,7237920,8,4,616965,67043
CH,Switzerland,PM10,2000,43.454000,7288010,10,3,708842,58574
CH,Switzerland,PM10,2001,41.693636,7341748,11,2,717494,50105
CH,Switzerland,PM10,2002,45.933333,7395982,12,2,629039,47000
CH,Switzerland,PM10,2003,48.975000,7446753,12,5,717494,377511
CH,Switzerland,PM10,2004,43.214286,7490098,14,1,725848,3105
CH,Switzerland,PM10,2005,43.792308,7527525,13,2,725848,47000
CH,Switzerland,PM10,2006,53.292857,7576924,14,10,725848,470922
CH,Switzerland,PM10,2007,43.892857,7638663,14,1,725847,3105
CH,Switzerland,PM10,2008,38.573333,7709274,15,0,725847,0
CH,Switzerland,PM10,2009,39.338462,7801278,13,0,725847,0
CH,Switzerland,PM10,2010,39.226667,7877571,15,0,890239,0
CH,Switzerland,PM10,2011,42.307692,7870134,13,2,737991,173044
CH,Switzerland,PM10,2012,37.214286,7954662,14,0,826446,0
CH,Switzerland,PM10,2013,39.207143,8039060,14,0,NULL,0
CH,Switzerland,PM2.5,1998,21.070000,7191392,2,0,328030,0
CH,Switzerland,PM2.5,1999,21.090000,7237920,3,0,371925,0
CH,Switzerland,PM2.5,2000,20.260000,7288010,3,0,371925,0
CH,Switzerland,PM2.5,2001,20.836667,7341748,3,0,371925,0
CH,Switzerland,PM2.5,2002,23.096667,7395982,3,1,371925,43895
CH,Switzerland,PM2.5,2003,26.260000,7446753,2,1,50105,43895
CH,Switzerland,PM2.5,2004,22.295000,7490098,2,0,50105,0
CH,Switzerland,PM2.5,2005,22.260000,7527525,2,0,50105,0
CH,Switzerland,PM2.5,2006,21.750000,7576924,2,0,50105,0
CH,Switzerland,PM2.5,2007,18.985000,7638663,2,0,50105,0
CH,Switzerland,PM2.5,2008,16.005000,7709274,2,0,328030,0
CH,Switzerland,PM2.5,2009,16.755000,7801278,2,0,328030,0
CY,Cyprus,BaP,2009,0.050000,796900,1,0,173327,0
CY,Cyprus,BaP,2010,0.140000,804290,1,0,173327,0
CY,Cyprus,BaP,2011,0.190000,814766,1,0,173327,0
CY,Cyprus,BaP,2012,0.330000,831310,1,0,173327,0
CY,Cyprus,BaP,2013,0.330000,856900,1,0,NULL,0
CY,Cyprus,NO2,1994,54.110000,722800,1,1,12520,12520
CY,Cyprus,NO2,2000,40.120000,754800,1,1,12520,12520
CY,Cyprus,NO2,2001,40.700000,689565,1,1,12520,12520
CY,Cyprus,NO2,2002,38.840000,668337,1,0,12520,0
CY,Cyprus,NO2,2003,41.950000,694784,1,1,12520,12520
CY,Cyprus,NO2,2004,40.210000,730400,1,1,12520,12520
CY,Cyprus,NO2,2005,35.490000,749200,1,0,12520,0
CY,Cyprus,NO2,2006,32.710000,766400,1,0,12520,0
CY,Cyprus,NO2,2007,30.670000,778700,1,0,12520,0
CY,Cyprus,NO2,2009,28.610000,796900,1,0,12520,0
CY,Cyprus,NO2,2010,33.610000,804290,1,0,12520,0
CY,Cyprus,NO2,2011,35.680000,814766,1,0,12520,0
CY,Cyprus,NO2,2012,32.530000,831310,1,0,12520,0
CY,Cyprus,NO2,2013,30.040000,856900,1,0,NULL,0
CY,Cyprus,O3,1994,106.350000,722800,1,0,12520,0
CY,Cyprus,O3,1997,109.730000,741000,1,0,12520,0
CY,Cyprus,O3,1998,108.980000,746100,1,0,12520,0
CY,Cyprus,O3,1999,107.530000,751500,1,0,12520,0
CY,Cyprus,O3,2000,119.340000,754800,1,0,12520,0
CY,Cyprus,O3,2001,115.900000,689565,1,0,12520,0
CY,Cyprus,O3,2002,107.280000,668337,1,0,12520,0
CY,Cyprus,O3,2003,110.380000,694784,1,0,12520,0
CY,Cyprus,O3,2004,106.000000,730400,1,0,12520,0
CY,Cyprus,O3,2005,109.830000,749200,1,0,12520,0
CY,Cyprus,O3,2006,103.190000,766400,1,0,12520,0
CY,Cyprus,O3,2007,106.130000,778700,1,0,12520,0
CY,Cyprus,O3,2008,96.630000,789300,1,0,12520,0
CY,Cyprus,O3,2009,113.120000,796900,1,0,12520,0
CY,Cyprus,O3,2010,106.600000,804290,1,0,12520,0
CY,Cyprus,O3,2011,107.500000,814766,1,0,12520,0
CY,Cyprus,O3,2012,106.550000,831310,1,0,12520,0
CY,Cyprus,O3,2013,110.960000,856900,1,0,NULL,0
CY,Cyprus,PM10,1994,81.650000,722800,1,1,12520,12520
CY,Cyprus,PM10,1997,80.920000,741000,1,1,12520,12520
CY,Cyprus,PM10,1998,84.990000,746100,1,1,12520,12520
CY,Cyprus,PM10,1999,76.380000,751500,1,1,12520,12520
CY,Cyprus,PM10,2000,82.080000,754800,1,1,12520,12520
CY,Cyprus,PM10,2001,69.380000,689565,1,1,12520,12520
CY,Cyprus,PM10,2002,84.250000,668337,1,1,12520,12520
CY,Cyprus,PM10,2003,83.420000,694784,1,1,12520,12520
CY,Cyprus,PM10,2004,84.810000,730400,1,1,12520,12520
CY,Cyprus,PM10,2005,83.850000,749200,1,1,12520,12520
CY,Cyprus,PM10,2006,76.520000,766400,1,1,12520,12520
CY,Cyprus,PM10,2007,80.055000,778700,2,2,12520,12520
CY,Cyprus,PM10,2008,85.660000,789300,1,1,12520,12520
CY,Cyprus,PM10,2009,74.200000,796900,1,1,12520,12520
CY,Cyprus,PM10,2010,82.200000,804290,2,2,185847,185847
CY,Cyprus,PM10,2011,61.550000,814766,2,2,185847,185847
CY,Cyprus,PM10,2012,58.950000,831310,2,2,185847,185847
CY,Cyprus,PM10,2013,69.000000,856900,2,2,NULL,NULL
CY,Cyprus,PM2.5,2007,25.690000,778700,1,1,12520,12520
CY,Cyprus,PM2.5,2008,22.390000,789300,1,0,12520,0
CY,Cyprus,PM2.5,2009,21.540000,796900,2,0,411206,0
CY,Cyprus,PM2.5,2010,22.095000,804290,2,0,411206,0
CY,Cyprus,PM2.5,2011,23.090000,814766,2,0,411206,0
CY,Cyprus,PM2.5,2012,24.375000,831310,2,0,411206,0
CY,Cyprus,PM2.5,2013,17.045000,856900,2,0,NULL,0
CZ,"Czech Republic",BaP,2005,1.621429,10254809,14,13,2145678,2055094
CZ,"Czech Republic",BaP,2006,2.497143,10305779,14,14,2145678,2145678
CZ,"Czech Republic",BaP,2007,1.724615,10381130,13,12,2050198,1959614
CZ,"Czech Republic",BaP,2008,1.833158,10467542,19,14,2559008,1760266
CZ,"Czech Republic",BaP,2009,1.686500,10506813,20,13,2542645,1517603
CZ,"Czech Republic",BaP,2010,1.747778,10532770,18,12,2489957,1517604
CZ,"Czech Republic",BaP,2011,1.783333,10505445,18,13,2489957,1599872
CZ,"Czech Republic",BaP,2012,1.517778,10516125,18,12,2672632,1625912
CZ,"Czech Republic",BaP,2013,1.675263,10512419,19,13,NULL,0
CZ,"Czech Republic",NO2,1992,28.690000,10312548,6,1,1170864,26344
CZ,"Czech Republic",NO2,1993,35.242857,10325697,14,4,1391403,122198
CZ,"Czech Republic",NO2,1994,31.716818,10334013,22,4,2437328,217977
CZ,"Czech Republic",NO2,1995,30.598077,10333161,26,2,2526605,21076
CZ,"Czech Republic",NO2,1996,33.409259,10321344,27,6,2533886,53674
CZ,"Czech Republic",NO2,1997,34.638077,10309137,26,7,2379372,98966
CZ,"Czech Republic",NO2,1998,29.424444,10299125,27,3,2533886,31614
CZ,"Czech Republic",NO2,1999,28.331111,10282784,27,3,2533886,31614
CZ,"Czech Republic",NO2,2000,28.121852,10259728,27,2,2533879,17562
CZ,"Czech Republic",NO2,2001,29.330370,10230060,27,3,2533879,26343
CZ,"Czech Republic",NO2,2002,29.951481,10200774,27,3,2533879,26343
CZ,"Czech Republic",NO2,2003,32.235556,10199067,27,6,2689066,52686
CZ,"Czech Republic",NO2,2004,28.218182,10220577,33,4,2884332,30108
CZ,"Czech Republic",NO2,2005,29.967442,10254809,43,8,2918863,69775
CZ,"Czech Republic",NO2,2006,31.056585,10305779,41,10,2918864,83930
CZ,"Czech Republic",NO2,2007,26.964878,10381130,41,6,2823384,50737
CZ,"Czech Republic",NO2,2008,28.104878,10467542,41,7,2758113,54286
CZ,"Czech Republic",NO2,2009,27.704186,10506813,43,6,2823384,47700
CZ,"Czech Republic",NO2,2010,29.001163,10532770,43,8,2823384,60872
CZ,"Czech Republic",NO2,2011,28.105854,10505445,41,6,2823384,50018
CZ,"Czech Republic",NO2,2012,26.538571,10516125,42,4,2918860,35251
CZ,"Czech Republic",NO2,2013,24.991212,10512419,33,3,NULL,0
CZ,"Czech Republic",O3,1993,130.690000,10325697,2,2,1170866,1170866
CZ,"Czech Republic",O3,1994,138.150000,10334013,5,4,1541696,1525335
CZ,"Czech Republic",O3,1995,135.433750,10333161,8,7,1823384,1763852
CZ,"Czech Republic",O3,1996,123.295556,10321344,9,6,1823385,410270
CZ,"Czech Republic",O3,1997,113.491818,10309137,11,5,1721560,1248508
CZ,"Czech Republic",O3,1998,117.879231,10299125,13,6,2223297,1064325
CZ,"Czech Republic",O3,1999,111.182857,10282784,14,5,2287978,696745
CZ,"Czech Republic",O3,2000,113.572143,10259728,14,5,2287978,829014
CZ,"Czech Republic",O3,2001,107.435333,10230060,15,1,2287977,347223
CZ,"Czech Republic",O3,2002,113.544667,10200774,15,4,2287977,468408
CZ,"Czech Republic",O3,2003,129.702667,10199067,15,13,2443164,2390476
CZ,"Czech Republic",O3,2004,111.923000,10220577,20,2,2636142,392515
CZ,"Czech Republic",O3,2005,117.648214,10254809,28,14,2749781,1801753
CZ,"Czech Republic",O3,2006,121.949259,10305779,27,19,2749780,2311884
CZ,"Czech Republic",O3,2007,116.381481,10381130,27,14,2749780,1789846
CZ,"Czech Republic",O3,2008,108.499286,10467542,28,0,2749781,0
CZ,"Czech Republic",O3,2009,108.955000,10506813,28,4,2749781,649101
CZ,"Czech Republic",O3,2010,111.678214,10532770,28,3,2733423,424231
CZ,"Czech Republic",O3,2011,109.387037,10505445,27,2,2733422,533586
CZ,"Czech Republic",O3,2012,111.256538,10516125,26,3,2733419,644860
CZ,"Czech Republic",O3,2013,110.189130,10512419,23,0,NULL,0
CZ,"Czech Republic",PM10,1996,103.148148,10321344,27,27,2533886,2533886
CZ,"Czech Republic",PM10,1997,72.576923,10309137,26,26,2379372,2379372
CZ,"Czech Republic",PM10,1998,58.629630,10299125,27,17,2533886,1504164
CZ,"Czech Republic",PM10,1999,49.111111,10282784,27,12,2533886,790811
CZ,"Czech Republic",PM10,2000,54.111111,10259728,27,17,2533879,1361978
CZ,"Czech Republic",PM10,2001,57.925926,10230060,27,20,2533879,1978128
CZ,"Czech Republic",PM10,2002,65.960385,10200774,26,22,2448841,2356277
CZ,"Czech Republic",PM10,2003,76.526667,10199067,27,25,2689066,2588264
CZ,"Czech Republic",PM10,2004,61.940645,10220577,31,25,2884331,2461622
CZ,"Czech Republic",PM10,2005,67.771190,10254809,42,36,2918862,2360661
CZ,"Czech Republic",PM10,2006,64.853409,10305779,44,38,2918863,2660523
CZ,"Czech Republic",PM10,2007,51.162558,10381130,43,19,2823383,997899
CZ,"Czech Republic",PM10,2008,49.097500,10467542,44,17,2823381,637531
CZ,"Czech Republic",PM10,2009,49.388222,10506813,45,16,2823380,717880
CZ,"Czech Republic",PM10,2010,60.068864,10532770,44,29,2823379,1525436
CZ,"Czech Republic",PM10,2011,58.150667,10505445,45,33,2823382,2010910
CZ,"Czech Republic",PM10,2012,53.105227,10516125,44,21,3008859,1047860
CZ,"Czech Republic",PM10,2013,50.830465,10512419,43,13,NULL,0
CZ,"Czech Republic",PM2.5,2004,23.452308,10220577,13,2,2513334,390417
CZ,"Czech Republic",PM2.5,2005,25.941765,10254809,17,7,2524856,882302
CZ,"Czech Republic",PM2.5,2006,25.231111,10305779,18,8,2524857,960305
CZ,"Czech Republic",PM2.5,2007,18.682941,10381130,17,1,2429377,147469
CZ,"Czech Republic",PM2.5,2008,18.619412,10467542,17,2,2429377,294938
CZ,"Czech Republic",PM2.5,2009,19.403529,10506813,17,2,2429377,294938
CZ,"Czech Republic",PM2.5,2010,22.491250,10532770,16,3,2364696,368940
CZ,"Czech Republic",PM2.5,2011,21.305000,10505445,20,3,2583890,449452
CZ,"Czech Republic",PM2.5,2012,19.550000,10516125,23,2,2769370,294938
CZ,"Czech Republic",PM2.5,2013,20.844800,10512419,25,3,NULL,0
DE,Germany,BaP,2006,0.698824,82437995,17,2,1212484,7327
DE,Germany,BaP,2007,0.470000,82314906,34,0,7449475,0
DE,Germany,BaP,2008,0.429643,82217837,56,0,9895986,0
DE,Germany,BaP,2009,0.502787,82002356,61,0,11621553,0
DE,Germany,BaP,2010,0.629455,81802257,55,2,7283161,19737
DE,Germany,BaP,2011,0.430606,81751602,66,1,11251264,3696
DE,Germany,BaP,2012,0.406212,80327900,66,1,11102504,3696
DE,Germany,BaP,2013,0.336379,80523746,58,1,NULL,0
DE,Germany,NO2,1984,51.351429,NULL,7,7,1148395,1148395
DE,Germany,NO2,1985,53.255000,NULL,12,10,1428642,947887
DE,Germany,NO2,1986,51.811538,NULL,13,12,1599000,1394619
DE,Germany,NO2,1988,46.472800,NULL,50,36,10811405,7579395
DE,Germany,NO2,1989,48.872174,NULL,46,39,9556336,7066371
DE,Germany,NO2,1990,43.810079,NULL,127,77,18402863,10824597
DE,Germany,NO2,1991,44.901150,79753227,113,78,18472353,14003871
DE,Germany,NO2,1992,42.437784,80274564,167,96,20740827,10244898
DE,Germany,NO2,1993,38.820068,80974632,146,60,18972089,4999673
DE,Germany,NO2,1994,37.249933,81338093,150,54,18288947,3898142
DE,Germany,NO2,1995,38.212565,81538603,191,70,20844263,3248342
DE,Germany,NO2,1996,39.360667,81817499,255,103,21279194,4170400
DE,Germany,NO2,1997,41.186953,82012162,233,122,20797724,5113813
DE,Germany,NO2,1998,38.327426,82057379,202,81,20394485,3216741
DE,Germany,NO2,1999,36.885911,82037011,225,74,20811677,2265515
DE,Germany,NO2,2000,34.541735,82163475,196,56,21576532,1684115
DE,Germany,NO2,2001,34.476303,82440309,238,67,21739732,1053667
DE,Germany,NO2,2002,34.673689,82536680,206,62,21966198,1044272
DE,Germany,NO2,2003,38.192154,82531671,195,77,20694737,2688043
DE,Germany,NO2,2004,35.570366,82531671,191,64,20509671,2312069
DE,Germany,NO2,2005,36.564300,82500849,200,72,20622566,2358980
DE,Germany,NO2,2006,40.041050,82437995,219,94,20770793,1883818
DE,Germany,NO2,2007,38.367237,82314906,228,90,20751816,1701933
DE,Germany,NO2,2008,37.347523,82217837,218,76,20588118,1130472
DE,Germany,NO2,2009,37.612156,82002356,218,78,21103708,1129160
DE,Germany,NO2,2010,37.721889,81802257,217,83,21145027,1384385
DE,Germany,NO2,2011,36.644692,81751602,211,76,21114081,1201553
DE,Germany,NO2,2012,35.415877,80327900,211,70,21465559,1115241
DE,Germany,NO2,2013,34.647192,80523746,203,65,NULL,0
DE,Germany,O3,1984,116.390000,NULL,6,3,899852,703038
DE,Germany,O3,1985,122.172000,NULL,5,3,771655,229513
DE,Germany,O3,1986,128.842500,NULL,4,3,863315,577880
DE,Germany,O3,1988,105.147391,NULL,23,8,8490952,2728966
DE,Germany,O3,1989,126.019500,NULL,20,16,7262712,6873800
DE,Germany,O3,1990,109.675000,NULL,62,21,14358685,3481883
DE,Germany,O3,1991,106.533699,79753227,73,16,15670823,2337088
DE,Germany,O3,1992,118.243222,80274564,90,39,17783518,8745561
DE,Germany,O3,1993,110.007407,80974632,108,30,18567152,4664865
DE,Germany,O3,1994,123.208291,81338093,117,76,18742477,15245030
DE,Germany,O3,1995,121.506341,81538603,123,73,19322028,12864403
DE,Germany,O3,1996,106.871429,81817499,140,24,19600519,2970081
DE,Germany,O3,1997,108.906739,82012162,138,20,19715154,2270073
DE,Germany,O3,1998,106.336328,82057379,128,22,19305443,3529198
DE,Germany,O3,1999,109.935338,82037011,133,24,19625912,3181174
DE,Germany,O3,2000,104.765797,82163475,138,13,20315723,1403227
DE,Germany,O3,2001,111.728088,82440309,136,43,20186916,5462954
DE,Germany,O3,2002,108.300588,82536680,119,16,20690714,2475561
DE,Germany,O3,2003,130.386514,82531671,109,85,19950048,15853059
DE,Germany,O3,2004,109.391250,82531671,104,18,19998595,2431473
DE,Germany,O3,2005,110.646509,82500849,106,20,20041728,3263965
DE,Germany,O3,2006,122.227333,82437995,105,70,19932268,14566424
DE,Germany,O3,2007,110.229905,82314906,105,15,19559849,1989048
DE,Germany,O3,2008,111.011321,82217837,106,13,19361895,2310491
DE,Germany,O3,2009,105.598241,82002356,108,1,20398871,265672
DE,Germany,O3,2010,111.324857,81802257,105,19,20400331,2662561
DE,Germany,O3,2011,108.077327,81751602,101,2,20291987,359684
DE,Germany,O3,2012,105.083100,80327900,100,4,20674347,647466
DE,Germany,O3,2013,107.168673,80523746,98,7,NULL,0
DE,Germany,PM10,1997,39.400000,82012162,1,0,265672,0
DE,Germany,PM10,1998,37.072917,82057379,24,1,2245978,12045
DE,Germany,PM10,1999,55.289524,82037011,21,16,4694780,1408434
DE,Germany,PM10,2000,45.955926,82163475,81,27,9709300,1724679
DE,Germany,PM10,2001,44.935429,82440309,140,35,14927706,1292126
DE,Germany,PM10,2002,50.698855,82536680,131,68,14388979,6372258
DE,Germany,PM10,2003,53.148556,82531671,180,108,21623327,11310128
DE,Germany,PM10,2004,43.166464,82531671,181,35,21833821,1243030
DE,Germany,PM10,2005,44.115437,82500849,206,48,21906190,1230881
DE,Germany,PM10,2006,48.475069,82437995,217,84,22053730,3599000
DE,Germany,PM10,2007,41.999177,82314906,231,32,21872678,320351
DE,Germany,PM10,2008,37.424000,82217837,210,16,21615375,186048
DE,Germany,PM10,2009,40.637754,82002356,236,27,21444407,324670
DE,Germany,PM10,2010,43.683457,81802257,243,51,21940353,1920235
DE,Germany,PM10,2011,45.529653,81751602,202,59,21914404,1891758
DE,Germany,PM10,2012,38.147788,80327900,226,9,21877209,95674
DE,Germany,PM10,2013,38.466203,80523746,187,12,NULL,0
DE,Germany,PM2.5,2003,18.827500,82531671,4,0,879400,0
DE,Germany,PM2.5,2004,15.262000,82531671,5,0,894069,0
DE,Germany,PM2.5,2005,18.009000,82500849,10,0,2591660,0
DE,Germany,PM2.5,2006,19.493077,82437995,13,2,2479636,10461
DE,Germany,PM2.5,2007,17.112941,82314906,17,1,3186915,18268
DE,Germany,PM2.5,2008,15.310263,82217837,38,0,11751207,0
DE,Germany,PM2.5,2009,17.017719,82002356,57,1,14596734,18268
DE,Germany,PM2.5,2010,18.150789,81802257,76,2,15808042,24818
DE,Germany,PM2.5,2011,17.612759,81751602,87,0,16014098,0
DE,Germany,PM2.5,2012,14.665795,80327900,88,0,16184256,0
DE,Germany,PM2.5,2013,15.372603,80523746,73,0,NULL,0
DK,Denmark,BaP,2007,0.310000,5461955,1,0,32332,0
DK,Denmark,BaP,2008,0.380000,5487775,1,0,32332,0
DK,Denmark,BaP,2009,0.220000,5513673,1,0,32332,0
DK,Denmark,BaP,2010,0.240000,5538380,1,0,32332,0
DK,Denmark,BaP,2011,0.190000,5560628,1,0,32332,0
DK,Denmark,BaP,2012,0.240000,5580516,1,0,32332,0
DK,Denmark,BaP,2013,0.240000,5602628,1,0,NULL,0
DK,Denmark,NO2,1983,50.223333,NULL,3,2,57286,45028
DK,Denmark,NO2,1984,36.815000,NULL,2,1,24954,12696
DK,Denmark,NO2,1985,30.400000,NULL,1,0,12258,0
DK,Denmark,NO2,1986,36.785000,NULL,2,1,24954,12696
DK,Denmark,NO2,1987,32.590000,NULL,1,0,12258,0
DK,Denmark,NO2,1988,54.630000,NULL,3,3,57286,57286
DK,Denmark,NO2,1989,48.950000,NULL,5,4,76563,64305
DK,Denmark,NO2,1990,41.840000,NULL,3,1,57286,32332
DK,Denmark,NO2,1991,46.463333,5146469,3,3,57286,57286
DK,Denmark,NO2,1992,43.323333,5162126,3,1,57286,32332
DK,Denmark,NO2,1993,41.465000,5180614,2,1,45028,32332
DK,Denmark,NO2,1994,42.030000,5196642,2,1,45028,32332
DK,Denmark,NO2,1995,36.510000,5215718,2,0,24954,0
DK,Denmark,NO2,1996,32.233333,5251027,3,0,198428,0
DK,Denmark,NO2,1997,29.770000,5275121,5,1,855285,32332
DK,Denmark,NO2,1998,27.548333,5294860,6,1,867981,32332
DK,Denmark,NO2,1999,30.411667,5313577,6,2,867981,45028
DK,Denmark,NO2,2000,27.381667,5330020,6,1,867981,32332
DK,Denmark,NO2,2001,26.970000,5349212,6,1,867981,32332
DK,Denmark,NO2,2002,33.654444,5368354,9,3,1160060,51609
DK,Denmark,NO2,2003,34.461111,5383507,9,3,1160060,51609
DK,Denmark,NO2,2004,33.970000,5397640,8,3,980389,51609
DK,Denmark,NO2,2005,33.366667,5415619,9,3,1160060,51609
DK,Denmark,NO2,2006,34.353333,5437480,9,4,1160060,64305
DK,Denmark,NO2,2007,29.971111,5461955,9,3,1160060,51609
DK,Denmark,NO2,2008,29.551250,5487775,8,2,1160060,51609
DK,Denmark,NO2,2009,30.588889,5513673,9,4,1160060,64305
DK,Denmark,NO2,2010,30.543333,5538380,9,1,1160060,16166
DK,Denmark,NO2,2011,28.468889,5560628,9,1,1160060,16166
DK,Denmark,NO2,2012,27.170000,5580516,9,1,1160060,16166
DK,Denmark,NO2,2013,27.814444,5602628,9,1,NULL,0
DK,Denmark,O3,1998,86.082500,5294860,4,0,843027,0
DK,Denmark,O3,1999,90.293333,5313577,3,0,385477,0
DK,Denmark,O3,2001,85.056667,5349212,3,0,385477,0
DK,Denmark,O3,2002,86.622000,5368354,5,0,658279,0
DK,Denmark,O3,2003,91.986000,5383507,5,0,658279,0
DK,Denmark,O3,2004,84.358000,5397640,5,0,936158,0
DK,Denmark,O3,2005,81.146667,5415619,6,0,1115829,0
DK,Denmark,O3,2006,96.126667,5437480,6,0,1115829,0
DK,Denmark,O3,2007,87.186667,5461955,6,0,1115829,0
DK,Denmark,O3,2008,92.903333,5487775,6,0,1115829,0
DK,Denmark,O3,2009,88.720000,5513673,6,0,1115829,0
DK,Denmark,O3,2010,83.523333,5538380,6,0,1115829,0
DK,Denmark,O3,2011,93.454000,5560628,5,0,1115829,0
DK,Denmark,O3,2012,90.660000,5580516,5,0,1115829,0
DK,Denmark,O3,2013,93.012000,5602628,5,0,NULL,0
DK,Denmark,PM10,2001,47.900000,5349212,1,0,12696,0
DK,Denmark,PM10,2002,48.540000,5368354,5,2,516340,44590
DK,Denmark,PM10,2003,49.400000,5383507,6,3,806915,57286
DK,Denmark,PM10,2004,43.596250,5397640,8,2,534112,23035
DK,Denmark,PM10,2005,46.626364,5415619,11,4,1160059,46508
DK,Denmark,PM10,2006,52.064000,5437480,5,2,954613,44590
DK,Denmark,PM10,2007,45.662857,5461955,7,2,701088,28424
DK,Denmark,PM10,2008,41.800000,5487775,4,0,521417,0
DK,Denmark,PM10,2009,34.950000,5513673,6,0,521417,0
DK,Denmark,PM10,2010,35.752500,5538380,4,0,521417,0
DK,Denmark,PM10,2011,48.280000,5560628,4,1,63867,16166
DK,Denmark,PM10,2012,37.120000,5580516,5,0,521417,0
DK,Denmark,PM10,2013,38.520000,5602628,3,0,NULL,0
DK,Denmark,PM2.5,2004,12.340000,5397640,2,0,489882,0
DK,Denmark,PM2.5,2005,13.030000,5415619,2,0,489882,0
DK,Denmark,PM2.5,2006,11.780000,5437480,1,0,457550,0
DK,Denmark,PM2.5,2007,12.595000,5461955,2,0,489882,0
DK,Denmark,PM2.5,2008,15.151429,5487775,7,0,974328,0
DK,Denmark,PM2.5,2009,13.610000,5513673,5,0,688830,0
DK,Denmark,PM2.5,2010,14.862857,5538380,7,0,974328,0
DK,Denmark,PM2.5,2011,17.428571,5560628,7,0,974328,0
DK,Denmark,PM2.5,2012,12.486000,5580516,5,0,688830,0
DK,Denmark,PM2.5,2013,10.958333,5602628,6,0,NULL,0
EE,Estonia,BaP,2009,0.330000,1364112,1,0,382007,0
EE,Estonia,BaP,2010,0.320000,1365275,1,0,382007,0
EE,Estonia,BaP,2011,0.310000,1294455,1,0,382007,0
EE,Estonia,BaP,2012,1.470000,1325217,2,1,155142,92663
EE,Estonia,BaP,2013,0.320000,1320174,2,0,NULL,0
EE,Estonia,NO2,1997,37.050000,1405996,1,0,11004,0
EE,Estonia,NO2,1998,33.310000,1393074,1,0,11004,0
EE,Estonia,NO2,1999,29.630000,1379237,1,0,11004,0
EE,Estonia,NO2,2000,29.290000,1370052,1,0,11004,0
EE,Estonia,NO2,2001,23.955000,1366959,2,0,393011,0
EE,Estonia,NO2,2002,24.830000,1361242,2,0,393011,0
EE,Estonia,NO2,2003,25.545000,1356045,2,0,393011,0
EE,Estonia,NO2,2004,12.350000,1351069,1,0,382007,0
EE,Estonia,NO2,2005,11.870000,1378048,1,0,382007,0
EE,Estonia,NO2,2006,22.260000,1366532,2,0,393011,0
EE,Estonia,NO2,2007,21.795000,1361525,2,0,393011,0
EE,Estonia,NO2,2008,18.040000,1363310,2,0,393011,0
EE,Estonia,NO2,2009,13.610000,1364112,4,0,548153,0
EE,Estonia,NO2,2010,15.575000,1365275,4,0,548153,0
EE,Estonia,NO2,2011,13.830000,1294455,4,0,548153,0
EE,Estonia,NO2,2012,14.310000,1325217,4,0,548153,0
EE,Estonia,NO2,2013,14.762500,1320174,4,0,NULL,0
EE,Estonia,O3,1997,72.880000,1405996,1,0,11004,0
EE,Estonia,O3,1998,58.090000,1393074,1,0,11004,0
EE,Estonia,O3,2000,53.000000,1370052,1,0,11004,0
EE,Estonia,O3,2001,92.065000,1366959,2,0,393011,0
EE,Estonia,O3,2002,92.750000,1361242,2,0,393011,0
EE,Estonia,O3,2003,89.690000,1356045,2,0,393011,0
EE,Estonia,O3,2004,88.130000,1351069,1,0,382007,0
EE,Estonia,O3,2005,86.880000,1378048,1,0,382007,0
EE,Estonia,O3,2006,101.920000,1366532,2,0,393011,0
EE,Estonia,O3,2007,83.660000,1361525,2,0,393011,0
EE,Estonia,O3,2008,85.665000,1363310,2,0,393011,0
EE,Estonia,O3,2009,87.710000,1364112,4,0,548153,0
EE,Estonia,O3,2010,97.420000,1365275,4,1,548153,382007
EE,Estonia,O3,2011,92.257500,1294455,4,0,548153,0
EE,Estonia,O3,2012,89.945000,1325217,4,0,548153,0
EE,Estonia,O3,2013,96.447500,1320174,4,0,NULL,0
EE,Estonia,PM10,2001,39.500000,1366959,2,0,393011,0
EE,Estonia,PM10,2002,58.500000,1361242,2,1,393011,11004
EE,Estonia,PM10,2003,50.000000,1356045,2,1,393011,11004
EE,Estonia,PM10,2004,31.000000,1351069,1,0,382007,0
EE,Estonia,PM10,2005,36.000000,1378048,1,0,382007,0
EE,Estonia,PM10,2006,46.000000,1366532,2,1,393011,11004
EE,Estonia,PM10,2007,44.000000,1361525,2,1,393011,11004
EE,Estonia,PM10,2008,21.000000,1363310,1,0,382007,0
EE,Estonia,PM10,2009,27.580000,1364112,5,0,548152,0
EE,Estonia,PM10,2010,28.740000,1365275,5,0,548152,0
EE,Estonia,PM10,2011,26.866667,1294455,3,0,393010,0
EE,Estonia,PM10,2012,24.000000,1325217,5,0,548152,0
EE,Estonia,PM10,2013,29.533333,1320174,3,0,NULL,0
EE,Estonia,PM2.5,2007,10.930000,1361525,1,0,382007,0
EE,Estonia,PM2.5,2008,5.430000,1363310,1,0,382007,0
EE,Estonia,PM2.5,2009,9.063333,1364112,3,0,537149,0
EE,Estonia,PM2.5,2010,9.033333,1365275,3,0,537149,0
EE,Estonia,PM2.5,2011,7.200000,1294455,3,0,537149,0
EE,Estonia,PM2.5,2012,8.260000,1325217,3,0,537149,0
EE,Estonia,PM2.5,2013,7.990000,1320174,3,0,NULL,0
ES,Spain,BaP,2007,0.220000,45200737,2,0,1597657,0
ES,Spain,BaP,2008,0.140000,46157822,4,0,1671533,0
ES,Spain,BaP,2009,0.138333,46880105,6,0,1597658,0
ES,Spain,BaP,2010,0.133571,47021031,14,0,2669677,0
ES,Spain,BaP,2011,0.119474,46815916,19,0,2865821,0
ES,Spain,BaP,2012,0.133333,47265321,21,0,3611209,0
ES,Spain,BaP,2013,0.145455,47129783,22,0,NULL,0
ES,Spain,NO2,1991,69.060000,38872268,5,5,3201226,3201226
ES,Spain,NO2,1992,65.432000,38965077,5,4,3201226,3158888
ES,Spain,NO2,1993,63.865714,39056587,7,7,3201224,3201224
ES,Spain,NO2,1995,62.241667,39196779,6,6,3116548,3116548
ES,Spain,NO2,1996,60.486250,39669394,8,8,3201224,3201224
ES,Spain,NO2,1997,52.814583,39805472,48,35,4216099,2041274
ES,Spain,NO2,1998,49.451304,39852651,46,33,5061006,2699561
ES,Spain,NO2,1999,48.434545,40202158,55,35,4652202,3474757
ES,Spain,NO2,2000,43.498871,40499791,62,31,5526160,1979575
ES,Spain,NO2,2001,42.705181,40847371,83,44,6152994,560425
ES,Spain,NO2,2002,39.358481,41837894,79,37,7110041,3420151
ES,Spain,NO2,2003,39.837093,42717064,86,40,7238264,2762639
ES,Spain,NO2,2004,37.929878,43197684,82,34,7098508,2968254
ES,Spain,NO2,2005,40.810534,44108530,131,60,11318268,4150849
ES,Spain,NO2,2006,36.033363,44708964,113,36,11427688,2954731
ES,Spain,NO2,2007,35.515403,45200737,124,44,12711999,4388152
ES,Spain,NO2,2008,31.890960,46157822,125,29,13088042,3155777
ES,Spain,NO2,2009,32.943172,46880105,145,43,13461421,4272452
ES,Spain,NO2,2010,31.052517,47021031,147,37,13730851,3066983
ES,Spain,NO2,2011,29.642548,46815916,157,32,14792455,2671579
ES,Spain,NO2,2012,28.873819,47265321,144,25,13119495,1395297
ES,Spain,NO2,2013,26.245000,47129783,148,18,NULL,0
ES,Spain,O3,1988,108.630000,NULL,1,0,84676,0
ES,Spain,O3,1989,106.125000,NULL,2,0,84676,0
ES,Spain,O3,1991,92.570000,38872268,1,0,84676,0
ES,Spain,O3,1992,98.880000,38965077,1,0,84676,0
ES,Spain,O3,1993,79.440000,39056587,2,0,249853,0
ES,Spain,O3,1995,64.880000,39196779,1,0,165177,0
ES,Spain,O3,1997,90.829778,39805472,45,3,4203542,311698
ES,Spain,O3,1998,92.362326,39852651,43,4,4401913,3164557
ES,Spain,O3,1999,93.443148,40202158,54,4,4679439,1611282
ES,Spain,O3,2000,91.359667,40499791,60,3,4871543,295841
ES,Spain,O3,2001,95.393067,40847371,75,7,5552732,406801
ES,Spain,O3,2002,95.160642,41837894,109,11,6763801,1055065
ES,Spain,O3,2003,103.506106,42717064,113,24,8458043,3453746
ES,Spain,O3,2004,97.943333,43197684,117,19,8937704,2474081
ES,Spain,O3,2005,99.755000,44108530,118,25,11018846,3051747
ES,Spain,O3,2006,101.356320,44708964,125,24,12653686,3832747
ES,Spain,O3,2007,98.767360,45200737,125,20,12459410,2793985
ES,Spain,O3,2008,100.770538,46157822,130,21,13115502,3086518
ES,Spain,O3,2009,105.350145,46880105,138,19,13487748,3411205
ES,Spain,O3,2010,107.351615,47021031,130,25,13910542,3241421
ES,Spain,O3,2011,104.366016,46815916,128,15,14151601,2196420
ES,Spain,O3,2012,103.565680,47265321,125,14,13952606,1216975
ES,Spain,O3,2013,108.134322,47129783,118,24,NULL,0
ES,Spain,PM10,1997,56.921250,39805472,16,11,3916250,2340369
ES,Spain,PM10,1998,64.661538,39852651,13,12,809438,797873
ES,Spain,PM10,1999,62.090385,40202158,26,22,4744584,3212733
ES,Spain,PM10,2000,62.813750,40499791,32,29,4938334,4902186
ES,Spain,PM10,2001,57.286250,40847371,48,34,5145114,4764769
ES,Spain,PM10,2002,53.282041,41837894,49,30,5630721,3525902
ES,Spain,PM10,2003,55.745714,42717064,56,36,6792415,5409366
ES,Spain,PM10,2004,57.182881,43197684,59,42,6381578,5186771
ES,Spain,PM10,2005,55.033402,44108530,97,64,10126218,7628756
ES,Spain,PM10,2006,56.677733,44708964,75,47,10711015,6871351
ES,Spain,PM10,2007,52.850972,45200737,72,35,8251959,3211374
ES,Spain,PM10,2008,46.361852,46157822,81,28,8812698,2551974
ES,Spain,PM10,2009,42.406022,46880105,93,23,11095345,2861387
ES,Spain,PM10,2010,37.310606,47021031,99,9,11984333,700255
ES,Spain,PM10,2011,38.561635,46815916,104,8,12700064,478865
ES,Spain,PM10,2012,37.435368,47265321,95,6,11210473,839109
ES,Spain,PM10,2013,32.139783,47129783,92,2,NULL,0
ES,Spain,PM2.5,2004,18.070000,43197684,11,0,3254108,0
ES,Spain,PM2.5,2005,16.796154,44108530,13,1,3566745,8334
ES,Spain,PM2.5,2006,17.260000,44708964,7,1,4856066,1512981
ES,Spain,PM2.5,2007,16.106667,45200737,6,0,3468999,0
ES,Spain,PM2.5,2008,13.867500,46157822,8,0,4944020,0
ES,Spain,PM2.5,2009,13.749091,46880105,22,1,6775129,208063
ES,Spain,PM2.5,2010,12.045517,47021031,29,0,7188654,0
ES,Spain,PM2.5,2011,12.933500,46815916,40,0,8589191,0
ES,Spain,PM2.5,2012,12.596667,47265321,36,0,8338869,0
ES,Spain,PM2.5,2013,10.537222,47129783,36,0,NULL,0
FI,Finland,BaP,2009,0.385000,5326314,2,0,522438,0
FI,Finland,BaP,2010,0.440000,5351427,2,0,522438,0
FI,Finland,BaP,2011,0.733333,5375276,3,1,704629,182191
FI,Finland,BaP,2012,0.400000,5401267,2,0,522438,0
FI,Finland,BaP,2013,0.470000,5426674,2,0,NULL,0
FI,Finland,NO2,1990,42.480000,NULL,2,1,20636,10318
FI,Finland,NO2,1991,40.260000,4998478,2,1,20636,10318
FI,Finland,NO2,1992,41.220000,5029002,2,1,20636,10318
FI,Finland,NO2,1993,39.585000,5054982,2,1,20636,10318
FI,Finland,NO2,1994,33.816667,5077912,3,1,25308,10318
FI,Finland,NO2,1995,31.013333,5098754,3,0,25308,0
FI,Finland,NO2,1996,32.500000,5116826,3,1,25308,10318
FI,Finland,NO2,1997,27.550000,5132320,5,0,41062,0
FI,Finland,NO2,1998,29.870000,5147349,5,0,41062,0
FI,Finland,NO2,1999,29.258333,5159646,6,0,563500,0
FI,Finland,NO2,2000,27.505556,5181115,9,0,667039,0
FI,Finland,NO2,2001,27.867273,5194901,11,0,764439,0
FI,Finland,NO2,2002,29.498182,5194901,11,0,764439,0
FI,Finland,NO2,2003,27.626154,5206295,13,1,764440,6879
FI,Finland,NO2,2004,28.437857,5220833,14,0,764441,0
FI,Finland,NO2,2005,27.527500,5236611,12,2,764440,13758
FI,Finland,NO2,2006,27.261538,5255580,13,2,882715,13758
FI,Finland,NO2,2007,23.255000,5276955,12,1,882714,10318
FI,Finland,NO2,2008,21.512500,5300484,12,1,882714,10318
FI,Finland,NO2,2009,21.285000,5326314,16,2,1199794,13758
FI,Finland,NO2,2010,25.929444,5351427,18,2,1208016,13758
FI,Finland,NO2,2011,22.867895,5375276,19,1,1208016,6879
FI,Finland,NO2,2012,19.621111,5401267,18,0,1208015,0
FI,Finland,NO2,2013,21.696667,5426674,3,0,NULL,0
FI,Finland,O3,1990,58.500000,NULL,1,0,20637,0
FI,Finland,O3,1991,62.880000,4998478,1,0,20637,0
FI,Finland,O3,1992,71.380000,5029002,1,0,20637,0
FI,Finland,O3,1993,74.000000,5054982,1,0,20637,0
FI,Finland,O3,1994,74.880000,5077912,1,0,20637,0
FI,Finland,O3,1995,72.000000,5098754,1,0,20637,0
FI,Finland,O3,1996,76.630000,5116826,1,0,20637,0
FI,Finland,O3,1997,88.250000,5132320,2,0,202828,0
FI,Finland,O3,1998,84.255000,5147349,2,0,202828,0
FI,Finland,O3,1999,90.440000,5159646,2,0,202828,0
FI,Finland,O3,2000,84.876667,5181115,3,0,725266,0
FI,Finland,O3,2001,85.670000,5194901,3,0,725266,0
FI,Finland,O3,2002,91.503333,5194901,3,0,725266,0
FI,Finland,O3,2003,92.016000,5206295,5,0,908264,0
FI,Finland,O3,2004,94.974000,5220833,5,0,908264,0
FI,Finland,O3,2005,86.766000,5236611,5,0,908264,0
FI,Finland,O3,2006,96.146667,5255580,6,0,1026539,0
FI,Finland,O3,2007,81.626667,5276955,6,0,1026539,0
FI,Finland,O3,2008,90.690000,5300484,6,0,1026539,0
FI,Finland,O3,2009,88.088750,5326314,8,0,1153419,0
FI,Finland,O3,2010,91.627500,5351427,8,0,1153419,0
FI,Finland,O3,2011,89.830000,5375276,8,0,1153419,0
FI,Finland,O3,2012,85.705000,5401267,8,0,1153419,0
FI,Finland,O3,2013,91.127500,5426674,4,0,NULL,0
FI,Finland,PM10,1993,42.870000,5054982,1,0,20637,0
FI,Finland,PM10,1994,43.080000,5077912,1,0,20637,0
FI,Finland,PM10,1995,56.710000,5098754,1,1,20637,20637
FI,Finland,PM10,1996,50.670000,5116826,1,1,20637,20637
FI,Finland,PM10,1997,39.545000,5132320,2,0,20636,0
FI,Finland,PM10,1998,45.355000,5147349,4,1,36390,10318
FI,Finland,PM10,1999,32.020000,5159646,5,0,558828,0
FI,Finland,PM10,2000,32.842000,5181115,5,0,558828,0
FI,Finland,PM10,2001,27.582143,5194901,14,0,924706,0
FI,Finland,PM10,2002,33.901538,5194901,13,0,917193,0
FI,Finland,PM10,2003,32.220000,5206295,17,1,924707,6879
FI,Finland,PM10,2004,31.207647,5220833,17,0,924707,0
FI,Finland,PM10,2005,34.358000,5236611,15,2,797827,13758
FI,Finland,PM10,2006,33.795625,5255580,16,2,924707,13758
FI,Finland,PM10,2007,29.775333,5276955,15,0,924706,0
FI,Finland,PM10,2008,28.225333,5300484,15,0,924706,0
FI,Finland,PM10,2009,26.552500,5326314,16,0,924706,0
FI,Finland,PM10,2010,29.724737,5351427,19,0,924707,0
FI,Finland,PM10,2011,29.007895,5375276,19,0,924707,0
FI,Finland,PM10,2012,24.826111,5401267,18,0,924706,0
FI,Finland,PM10,2013,25.058571,5426674,7,0,NULL,0
FI,Finland,PM2.5,2001,8.170000,5194901,1,0,522438,0
FI,Finland,PM2.5,2002,8.923333,5194901,3,0,548087,0
FI,Finland,PM2.5,2003,9.555000,5206295,4,0,548086,0
FI,Finland,PM2.5,2004,8.610000,5220833,3,0,548087,0
FI,Finland,PM2.5,2005,9.463333,5236611,3,0,548087,0
FI,Finland,PM2.5,2006,10.023333,5255580,3,0,548087,0
FI,Finland,PM2.5,2007,8.472500,5276955,4,0,637974,0
FI,Finland,PM2.5,2008,8.127500,5300484,4,0,637974,0
FI,Finland,PM2.5,2009,7.826667,5326314,6,0,828173,0
FI,Finland,PM2.5,2010,9.302727,5351427,11,0,855117,0
FI,Finland,PM2.5,2011,8.168182,5375276,11,0,855117,0
FI,Finland,PM2.5,2012,7.327000,5401267,10,0,855118,0
FI,Finland,PM2.5,2013,6.980000,5426674,9,0,NULL,0
FR,France,BaP,2009,0.291667,64291153,12,0,5432238,0
FR,France,BaP,2010,0.435000,64611814,4,0,1794447,0
FR,France,BaP,2011,0.407143,64932944,7,1,2537297,595981
FR,France,BaP,2012,0.285652,65240637,23,0,6599971,0
FR,France,BaP,2013,0.292778,65615841,18,0,NULL,0
FR,France,NO2,1982,40.010000,NULL,3,1,83693,64576
FR,France,NO2,1983,40.775000,NULL,2,1,73521,64576
FR,France,NO2,1984,33.090000,NULL,1,0,8945,0
FR,France,NO2,1985,49.420000,NULL,1,1,64576,64576
FR,France,NO2,1999,35.701596,58496613,213,60,17847496,4265128
FR,France,NO2,2000,33.433640,58748743,250,65,19053805,4587756
FR,France,NO2,2001,31.833840,59038459,263,67,19818336,4590261
FR,France,NO2,2002,31.936176,59344025,272,66,20048849,4804838
FR,France,NO2,2003,34.167708,60083720,288,81,21485164,5870303
FR,France,NO2,2004,30.300447,61158363,291,51,21562466,3164288
FR,France,NO2,2005,30.841025,62298767,283,54,21544987,2605939
FR,France,NO2,2006,29.970455,63235742,286,50,21427211,2099747
FR,France,NO2,2007,29.478136,63779987,279,46,21623069,1858955
FR,France,NO2,2008,28.857216,64061747,273,39,21463420,981646
FR,France,NO2,2009,28.601346,64291153,260,47,21407020,1752107
FR,France,NO2,2010,28.638235,64611814,255,43,21383394,1187824
FR,France,NO2,2011,28.331510,64932944,245,43,21409908,1146106
FR,France,NO2,2012,27.415913,65240637,230,37,21022408,855397
FR,France,NO2,2013,26.868243,65615841,222,33,NULL,0
FR,France,O3,1982,102.500000,NULL,1,0,10172,0
FR,France,O3,1983,84.750000,NULL,1,0,8945,0
FR,France,O3,1984,81.630000,NULL,1,0,8945,0
FR,France,O3,1985,118.630000,NULL,1,0,10172,0
FR,France,O3,1999,112.175976,58496613,164,46,17532446,5927515
FR,France,O3,2000,103.733866,58748743,194,43,18319511,4259800
FR,France,O3,2001,116.906106,59038459,208,96,18703562,8302187
FR,France,O3,2002,109.674313,59344025,211,47,18450867,3770347
FR,France,O3,2003,134.007511,60083720,221,190,20518745,17844341
FR,France,O3,2004,111.850132,61158363,228,59,20609063,5896757
FR,France,O3,2005,112.612568,62298767,222,61,20609064,6084302
FR,France,O3,2006,120.416062,63235742,226,120,20593446,12014489
FR,France,O3,2007,107.648796,63779987,216,31,20663039,2970142
FR,France,O3,2008,105.897212,64061747,208,12,20530588,1320547
FR,France,O3,2009,106.660914,64291153,197,21,20337996,2448379
FR,France,O3,2010,112.046489,64611814,188,51,20338000,5465420
FR,France,O3,2011,112.080879,64932944,182,36,20247859,4091587
FR,France,O3,2012,103.468072,65240637,166,14,20269942,1741828
FR,France,O3,2013,111.724129,65615841,155,32,NULL,0
FR,France,PM10,2001,33.396040,59038459,101,2,12620581,101519
FR,France,PM10,2002,33.970930,59344025,172,5,18236157,116114
FR,France,PM10,2003,38.333333,60083720,186,18,18842701,721401
FR,France,PM10,2004,33.188172,61158363,186,8,19297231,388021
FR,France,PM10,2005,32.791444,62298767,187,11,19502553,243881
FR,France,PM10,2006,35.525714,63235742,175,15,19057506,304929
FR,France,PM10,2007,46.047619,63779987,168,51,18922391,4627337
FR,France,PM10,2008,40.270833,64061747,192,32,20508471,1543858
FR,France,PM10,2009,43.114754,64291153,183,41,20221445,3327277
FR,France,PM10,2010,40.848649,64611814,185,17,20465191,866071
FR,France,PM10,2011,44.032011,64932944,184,45,20567534,4089460
FR,France,PM10,2012,42.202044,65240637,181,27,20391947,1190088
FR,France,PM10,2013,40.622013,65615841,159,12,NULL,0
FR,France,PM2.5,2001,21.127143,59038459,7,1,2627764,382128
FR,France,PM2.5,2002,16.581818,59344025,22,2,7481206,475516
FR,France,PM2.5,2003,15.789130,60083720,23,1,8279507,93388
FR,France,PM2.5,2004,13.900000,61158363,27,1,8327915,93388
FR,France,PM2.5,2005,14.311935,62298767,31,2,9031062,98009
FR,France,PM2.5,2006,14.239231,63235742,39,1,10512168,93388
FR,France,PM2.5,2007,13.350606,63779987,33,0,9581349,0
FR,France,PM2.5,2008,17.957778,64061747,9,1,3865890,93388
FR,France,PM2.5,2009,17.765926,64291153,54,2,12536653,60192
FR,France,PM2.5,2010,17.623860,64611814,57,0,13687563,0
FR,France,PM2.5,2011,18.234627,64932944,67,5,14100273,377370
FR,France,PM2.5,2012,15.994384,65240637,73,0,16630593,0
FR,France,PM2.5,2013,15.253714,65615841,70,0,NULL,0
GB,"United Kingdom",BaP,1991,1.125000,NULL,4,2,7812826,733271
GB,"United Kingdom",BaP,1992,0.640000,NULL,5,1,7939462,435071
GB,"United Kingdom",BaP,1993,0.337500,NULL,4,0,7868589,0
GB,"United Kingdom",BaP,1994,0.396667,NULL,3,0,7570389,0
GB,"United Kingdom",BaP,1995,0.296667,NULL,3,0,7570389,0
GB,"United Kingdom",BaP,1996,0.400000,NULL,3,0,7570389,0
GB,"United Kingdom",BaP,1997,0.470000,NULL,3,0,7570389,0
GB,"United Kingdom",BaP,1998,0.192500,NULL,4,0,7570389,0
GB,"United Kingdom",BaP,1999,0.262000,NULL,5,0,7824391,0
GB,"United Kingdom",BaP,2000,0.366000,NULL,5,0,7824391,0
GB,"United Kingdom",BaP,2001,0.280000,NULL,10,0,10415079,0
GB,"United Kingdom",BaP,2002,0.200909,NULL,11,0,10415079,0
GB,"United Kingdom",BaP,2003,0.218182,NULL,11,0,10415079,0
GB,"United Kingdom",BaP,2004,0.271250,NULL,8,1,9468155,120816
GB,"United Kingdom",BaP,2005,0.270000,NULL,1,0,265359,0
GB,"United Kingdom",BaP,2006,0.150000,NULL,1,0,265359,0
GB,"United Kingdom",BaP,2007,0.233333,NULL,6,0,9569306,0
GB,"United Kingdom",BaP,2008,0.612308,NULL,13,1,10344128,126636
GB,"United Kingdom",BaP,2009,0.288750,NULL,16,1,11824759,99172
GB,"United Kingdom",BaP,2010,0.421034,NULL,29,4,11824759,219988
GB,"United Kingdom",BaP,2011,0.260667,NULL,15,0,11589464,0
GB,"United Kingdom",BaP,2012,0.291538,NULL,13,0,11154393,0
GB,"United Kingdom",BaP,2013,0.254545,NULL,11,0,NULL,0
GB,"United Kingdom",NO2,1980,34.230000,NULL,1,0,70873,0
GB,"United Kingdom",NO2,1981,35.230000,NULL,1,0,70873,0
GB,"United Kingdom",NO2,1982,42.300000,NULL,1,1,70873,70873
GB,"United Kingdom",NO2,1983,37.730000,NULL,1,0,70873,0
GB,"United Kingdom",NO2,1984,43.490000,NULL,1,1,70873,70873
GB,"United Kingdom",NO2,1986,66.950000,NULL,1,1,7008682,7008682
GB,"United Kingdom",NO2,1987,62.730000,NULL,3,3,7975515,7975515
GB,"United Kingdom",NO2,1988,57.818333,NULL,6,6,8284005,8284005
GB,"United Kingdom",NO2,1989,62.952857,NULL,7,7,8715537,8715537
GB,"United Kingdom",NO2,1990,57.100000,NULL,6,6,8715537,8715537
GB,"United Kingdom",NO2,1991,61.175714,NULL,7,7,8715537,8715537
GB,"United Kingdom",NO2,1992,60.096250,NULL,8,8,8715536,8715536
GB,"United Kingdom",NO2,1993,52.230667,NULL,15,15,11597022,11597022
GB,"United Kingdom",NO2,1994,50.700526,NULL,19,17,13035823,12300816
GB,"United Kingdom",NO2,1995,49.661000,NULL,20,18,13034082,12516692
GB,"United Kingdom",NO2,1996,47.275000,NULL,24,22,13526752,12791745
GB,"United Kingdom",NO2,1997,47.743333,NULL,42,29,14653497,9981330
GB,"United Kingdom",NO2,1998,44.820167,NULL,60,31,16665304,8514425
GB,"United Kingdom",NO2,1999,45.229531,NULL,64,32,16830794,7810713
GB,"United Kingdom",NO2,2000,41.787424,NULL,66,27,17284613,6220343
GB,"United Kingdom",NO2,2001,41.062603,NULL,73,27,18443411,6295122
GB,"United Kingdom",NO2,2002,37.769315,NULL,73,23,18166595,5495786
GB,"United Kingdom",NO2,2003,41.397353,NULL,68,26,17993127,6518236
GB,"United Kingdom",NO2,2004,38.168947,NULL,76,28,18598193,5670808
GB,"United Kingdom",NO2,2005,39.522090,NULL,67,28,16588814,6321497
GB,"United Kingdom",NO2,2006,38.625429,NULL,70,24,17051031,5537845
GB,"United Kingdom",NO2,2007,44.068621,NULL,29,13,12444763,4027769
GB,"United Kingdom",NO2,2008,35.849412,NULL,68,16,17752918,2918280
GB,"United Kingdom",NO2,2009,35.460597,NULL,67,18,17482119,4220037
GB,"United Kingdom",NO2,2010,37.521818,NULL,66,20,17300613,4501583
GB,"United Kingdom",NO2,2011,33.032576,NULL,66,14,17367406,4034581
GB,"United Kingdom",NO2,2012,33.209697,NULL,66,16,16177922,3053537
GB,"United Kingdom",NO2,2013,32.326000,NULL,65,16,NULL,0
GB,"United Kingdom",O3,1977,83.750000,NULL,1,0,7008682,0
GB,"United Kingdom",O3,1978,100.250000,NULL,1,0,70873,0
GB,"United Kingdom",O3,1979,80.000000,NULL,1,0,70873,0
GB,"United Kingdom",O3,1980,60.250000,NULL,1,0,70873,0
GB,"United Kingdom",O3,1981,40.000000,NULL,1,0,70873,0
GB,"United Kingdom",O3,1984,126.500000,NULL,1,1,70873,70873
GB,"United Kingdom",O3,1985,103.750000,NULL,2,0,7079555,0
GB,"United Kingdom",O3,1986,79.750000,NULL,1,0,7008682,0
GB,"United Kingdom",O3,1988,65.750000,NULL,2,0,7079555,0
GB,"United Kingdom",O3,1989,83.083333,NULL,3,0,7277702,0
GB,"United Kingdom",O3,1990,96.875000,NULL,2,0,269020,0
GB,"United Kingdom",O3,1991,69.250000,NULL,2,0,7079555,0
GB,"United Kingdom",O3,1992,78.886667,NULL,6,0,7795092,0
GB,"United Kingdom",O3,1993,71.977273,NULL,11,0,10297375,0
GB,"United Kingdom",O3,1994,77.910714,NULL,14,0,11345958,0
GB,"United Kingdom",O3,1995,89.464286,NULL,14,0,11344218,0
GB,"United Kingdom",O3,1996,78.216500,NULL,20,0,12955520,0
